ticker,timeframe,ema_fast,ema_slow,atr_mult,stop_mode,position_size,Return %,Sharpe,Max DD %,Trades,Avg Weekly Return %,Max Weekly Loss %
TQQQ,5m,5,13,2.5,intraday,0.5,-7.755563332474162,-1.4773240640695653,12.593601210887151,257,-0.326295791328119,-2.731083398635048
TQQQ,5m,5,13,2.5,intraday,0.7,-11.099681594116044,-1.4506886650853954,17.49180646513851,257,-0.4665948443160541,-3.8217073456293327
TQQQ,5m,5,13,2.5,intraday,0.9,-15.028978943521373,-1.5370408769819977,22.211031686913994,257,-0.6361622866117651,-4.989195656969903
TQQQ,5m,5,13,2.5,close_only,0.5,-7.811169499998345,-1.311081636996761,12.84625806676685,257,-0.29395726920172205,-2.8232251508860773
TQQQ,5m,5,13,2.5,close_only,0.7,-11.263068499998122,-1.2878637051552282,17.827894855959517,257,-0.42097768103429234,-4.04655603943731
TQQQ,5m,5,13,2.5,close_only,0.9,-15.26990849999753,-1.3717806716555472,22.337706872884997,257,-0.5760475596698131,-5.196060315994899
TQQQ,5m,5,13,3.5,intraday,0.5,3.019850412809592,0.5142125582684576,9.821136912482325,257,0.15167138592836693,-2.8659269502658624
TQQQ,5m,5,13,3.5,intraday,0.7,4.05341014793828,0.5155431396415501,13.638209781915982,257,0.21804346549887874,-4.050254994196534
TQQQ,5m,5,13,3.5,intraday,0.9,4.6412932279442884,0.49391403673794304,17.56865978552793,257,0.2740799297714469,-5.260637160585824
TQQQ,5m,5,13,3.5,close_only,0.5,3.5986227500015504,0.5823619065450563,9.516693088369918,257,0.18915764392219092,-2.6930707879568527
TQQQ,5m,5,13,3.5,close_only,0.7,4.885353250001867,0.5853970910308104,13.326614553351696,257,0.2730377543415696,-3.770882731816949
TQQQ,5m,5,13,3.5,close_only,0.9,5.850382000002628,0.5756178782264322,17.112001540150324,257,0.35237908803024576,-5.067946074320451
TQQQ,5m,5,13,4.5,intraday,0.5,2.945918243137794,0.49056179653527743,9.934093556947326,257,0.16305839179703827,-2.718943610641178
TQQQ,5m,5,13,4.5,intraday,0.7,3.8490957319416568,0.48289814530925307,13.900314624843338,257,0.23201312470026586,-3.7986418622603435
TQQQ,5m,5,13,4.5,intraday,0.9,4.815355451927189,0.4974084728620196,17.68918792426951,257,0.31062827119562547,-4.946726933800449
TQQQ,5m,5,13,4.5,close_only,0.5,5.648097500001586,0.8477902966733698,10.108199054872243,257,0.2705798742131562,-2.6950553096542595
TQQQ,5m,5,13,4.5,close_only,0.7,7.694448000001854,0.8376998617926051,14.123603807192456,257,0.38510174015996684,-3.7976060352095553
TQQQ,5m,5,13,4.5,close_only,0.9,9.6123452500025,0.8396087672202887,17.967533268439823,257,0.5010807937184141,-4.95234691128974
TQQQ,5m,5,13,,intraday,0.5,4.714564500001552,0.7216272825573976,10.290158172320508,257,0.23555030707925442,-2.700571519105599
TQQQ,5m,5,13,,intraday,0.7,6.438076500001875,0.7199413534529908,14.375461812377866,257,0.3391706910180954,-3.796076629956191
TQQQ,5m,5,13,,intraday,0.9,7.910696500002495,0.7172136572060672,18.28956045337636,257,0.4403622991501638,-4.949654917131574
TQQQ,5m,5,13,,close_only,0.5,4.714564500001552,0.7216272825573976,10.290158172320508,257,0.23555030707925442,-2.700571519105599
TQQQ,5m,5,13,,close_only,0.7,6.438076500001875,0.7199413534529908,14.375461812377866,257,0.3391706910180954,-3.796076629956191
TQQQ,5m,5,13,,close_only,0.9,7.910696500002495,0.7172136572060672,18.28956045337636,257,0.4403622991501638,-4.949654917131574
TQQQ,5m,8,21,2.5,intraday,0.5,0.17355794993103474,0.08522089325137626,8.029864317955699,163,-0.006262570963977474,-2.0659713166537474
TQQQ,5m,8,21,2.5,intraday,0.7,0.27463457048963846,0.11102304387018959,11.2408659054892,163,-0.0009251612793823583,-3.155519195419676
TQQQ,5m,8,21,2.5,intraday,0.9,-0.25893488390853464,0.06815176272470075,14.459441204926934,163,-0.018140823427409705,-4.038312246510801
TQQQ,5m,8,21,2.5,close_only,0.5,-0.7499727499989148,-0.08491956898538817,8.919127731891564,163,-0.02544853276150633,-2.4744436962226946
TQQQ,5m,8,21,2.5,close_only,0.7,-1.0912967499987758,-0.05977332032531761,12.57513687947767,163,-0.029251823558829954,-3.5664060846225754
TQQQ,5m,8,21,2.5,close_only,0.9,-1.8664207499982468,-0.07948157683579321,16.148246814573657,163,-0.04726605023440282,-4.685926963694542
TQQQ,5m,8,21,3.5,intraday,0.5,9.220106065527967,1.5271565429945588,6.461471037453072,163,0.3664683705133763,-1.8964171321833145
TQQQ,5m,8,21,3.5,intraday,0.7,12.771277405579735,1.502113856610566,9.147345520831841,163,0.5088546484703724,-2.678716806407322
TQQQ,5m,8,21,3.5,intraday,0.9,15.994934160167304,1.4718706515553448,12.028238425295704,163,0.6410283385478484,-3.4735645063809883
TQQQ,5m,8,21,3.5,close_only,0.5,10.044127500001059,1.4828372306115187,8.154173335033356,163,0.3890695174774072,-2.3711488154386617
TQQQ,5m,8,21,3.5,close_only,0.7,13.860723500001246,1.453639004819724,11.5731180176918,163,0.5394801338180955,-3.3574458043706956
TQQQ,5m,8,21,3.5,close_only,0.9,17.537377250001782,1.4310691900733186,15.082906243841043,163,0.6879553903800807,-4.365352488394258
TQQQ,5m,8,21,4.5,intraday,0.5,8.794228095265249,1.3017278967068673,8.4485584105022,163,0.3433842980356121,-2.2447885048686222
TQQQ,5m,8,21,4.5,intraday,0.7,11.99052051616402,1.2659076180190905,12.051394662821272,163,0.4733239997936329,-3.1887152698679144
TQQQ,5m,8,21,4.5,intraday,0.9,15.198577901149884,1.252430397396335,15.681727746450349,163,0.6079439021276696,-4.160669274036833
TQQQ,5m,8,21,4.5,close_only,0.5,8.319990000000985,1.2131690387999277,8.99336585389458,163,0.32789123573055123,-2.3936874699900246
TQQQ,5m,8,21,4.5,close_only,0.7,11.185561750001192,1.1666182684176034,12.715324955803823,163,0.44863215901454806,-3.4028030717174085
TQQQ,5m,8,21,4.5,close_only,0.9,13.921925250001731,1.1471620964969267,16.476983671260083,163,0.5696664910044307,-4.444570035269058
TQQQ,5m,8,21,,intraday,0.5,6.431434750001086,0.9604502063651583,9.243186855688768,163,0.25652275526865237,-2.395781236964112
TQQQ,5m,8,21,,intraday,0.7,8.60135450000123,0.9276918187710648,13.139489281878019,163,0.3526817893484066,-3.4072495640920075
TQQQ,5m,8,21,,intraday,0.9,10.51264950000168,0.9056466468476634,16.94390076450425,163,0.44555857879601796,-4.451652175887899
TQQQ,5m,8,21,,close_only,0.5,6.431434750001086,0.9604502063651583,9.243186855688768,163,0.25652275526865237,-2.395781236964112
TQQQ,5m,8,21,,close_only,0.7,8.60135450000123,0.9276918187710648,13.139489281878019,163,0.3526817893484066,-3.4072495640920075
TQQQ,5m,8,21,,close_only,0.9,10.51264950000168,0.9056466468476634,16.94390076450425,163,0.44555857879601796,-4.451652175887899
TQQQ,5m,8,30,2.5,intraday,0.5,1.3430983812051864,0.3335292553592279,5.636543693752419,120,0.0352025122681523,-2.285765296050213
TQQQ,5m,8,30,2.5,intraday,0.7,1.9968816664170164,0.36050864842651037,7.84168467827978,120,0.060117511161952276,-3.4309178826849585
TQQQ,5m,8,30,2.5,intraday,0.9,2.2565256045243585,0.34318949207113064,10.160086457040533,120,0.07137402799855284,-4.34201090618942
TQQQ,5m,8,30,2.5,close_only,0.5,1.8720385000006217,0.4317807204271514,6.488270113373846,120,0.07473763058655745,-2.43096580554486
TQQQ,5m,8,30,2.5,close_only,0.7,2.645583500000907,0.4416767246727064,9.207301652446017,120,0.11369567702221055,-3.4422241441274704
TQQQ,5m,8,30,2.5,close_only,0.9,3.27636175000132,0.4451059979902105,11.740344578346546,120,0.14955841999491998,-4.465736659067055
TQQQ,5m,8,30,3.5,intraday,0.5,10.373691266933111,1.8899222938787343,4.6256820299765975,120,0.3971658772581499,-2.36211599977344
TQQQ,5m,8,30,3.5,intraday,0.7,14.865466708072722,1.8762114341832477,6.385711227736665,120,0.5656244592436207,-3.3131554118319584
TQQQ,5m,8,30,3.5,intraday,0.9,18.900281090469733,1.8537092802817057,8.278805413748287,120,0.7149783670585452,-4.257978221398817
TQQQ,5m,8,30,3.5,close_only,0.5,13.196873250000749,2.0685805953695606,5.216070054521206,120,0.4792937496660153,-2.6393810497781223
TQQQ,5m,8,30,3.5,close_only,0.7,18.81899275000089,2.0504986771981124,7.170963981059579,120,0.6759494475648866,-3.6940623739595613
TQQQ,5m,8,30,3.5,close_only,0.9,24.076956250001217,2.0310050692077084,9.319524597933803,120,0.8551193882415075,-4.740628229058041
TQQQ,5m,8,30,4.5,intraday,0.5,11.282309317042495,1.750002635298171,5.374621744971883,120,0.40627742169817666,-2.301983982924982
TQQQ,5m,8,30,4.5,intraday,0.7,16.088136490457988,1.7392560716800878,7.786516728786708,120,0.5767151101877315,-3.229917868858756
TQQQ,5m,8,30,4.5,intraday,0.9,20.572033255515883,1.7253836015990536,10.074369490733023,120,0.7334610603264062,-4.157178192934885
TQQQ,5m,8,30,4.5,close_only,0.5,10.377783500000783,1.5750606100018736,6.197423638042931,120,0.3750952693476011,-2.4594612606869237
TQQQ,5m,8,30,4.5,close_only,0.7,14.667069750000813,1.55376897453303,8.862001268214504,120,0.5306591914062353,-3.4598412059776207
TQQQ,5m,8,30,4.5,close_only,0.9,18.763614250001208,1.5477756461497034,11.511060106460267,120,0.6784113424777155,-4.467432893042378
TQQQ,5m,8,30,,intraday,0.5,13.112915250000812,1.889952417340972,6.206132126695294,120,0.47760042721354123,-2.4563722649741826
TQQQ,5m,8,30,,intraday,0.7,18.631086750000872,1.8692466899039453,8.88363641223845,120,0.675277755614612,-3.45387080566959
TQQQ,5m,8,30,,intraday,0.9,23.649670000001265,1.8455007293222683,11.495502552725007,120,0.8530715436060166,-4.457793311415637
TQQQ,5m,8,30,,close_only,0.5,13.112915250000812,1.889952417340972,6.206132126695294,120,0.47760042721354123,-2.4563722649741826
TQQQ,5m,8,30,,close_only,0.7,18.631086750000872,1.8692466899039453,8.88363641223845,120,0.675277755614612,-3.45387080566959
TQQQ,5m,8,30,,close_only,0.9,23.649670000001265,1.8455007293222683,11.495502552725007,120,0.8530715436060166,-4.457793311415637
TQQQ,15m,5,13,2.5,intraday,0.5,8.189714067900447,1.4045770892019442,6.522548585937132,80,0.33231874257287425,-2.232962111469705
TQQQ,15m,5,13,2.5,intraday,0.7,11.813738771444514,1.4148119335882607,9.341520338617944,80,0.48297432892279923,-3.2825262710736935
TQQQ,15m,5,13,2.5,intraday,0.9,14.71442474633809,1.3792745710974585,12.437682553168733,80,0.6090834778156228,-4.368205374471501
TQQQ,15m,5,13,2.5,close_only,0.5,10.830375000000366,1.6537463534456753,8.817305134356225,80,0.43501430812277275,-2.8585860191993384
TQQQ,15m,5,13,2.5,close_only,0.7,15.465673250000556,1.6361359380003557,12.607649438095002,80,0.6246292697397551,-4.209943926266679
TQQQ,15m,5,13,2.5,close_only,0.9,19.32756250000066,1.5977334376261143,16.555616725217977,80,0.7884358068095328,-5.611489334151387
TQQQ,15m,5,13,3.5,intraday,0.5,10.645571561465477,1.6424067503442947,9.389037121159358,80,0.42615249635743835,-3.0079138252368964
TQQQ,15m,5,13,3.5,intraday,0.7,15.249523688512816,1.625091355509969,13.43720028749682,80,0.612876573277485,-4.426843097782696
TQQQ,15m,5,13,3.5,intraday,0.9,19.289561310348244,1.6011965671147388,17.402471092696157,80,0.7806659971857708,-5.89439611649113
TQQQ,15m,5,13,3.5,close_only,0.5,12.202188750000415,1.7800452103178528,9.624323140418213,80,0.48827931031565086,-3.5373565683095354
TQQQ,15m,5,13,3.5,close_only,0.7,17.433688750000556,1.7571537484348236,13.819284719538311,80,0.7005463017840122,-5.191555293612882
TQQQ,15m,5,13,3.5,close_only,0.9,22.119957500000645,1.7369300993618597,17.83076883577646,80,0.8950838153537578,-6.887506936333998
TQQQ,15m,5,13,4.5,intraday,0.5,10.917920936351766,1.592347181591581,10.01702334714614,80,0.4393708184993872,-3.5143546990585417
TQQQ,15m,5,13,4.5,intraday,0.7,15.638081506113258,1.5788107441610646,14.34467415576346,80,0.6333543976145397,-5.162891400425118
TQQQ,15m,5,13,4.5,intraday,0.9,19.83496073882361,1.5623747810431972,18.46613946137743,80,0.8105578061725582,-6.858603747575764
TQQQ,15m,5,13,4.5,close_only,0.5,12.03627175000047,1.7427174386143367,10.071302425786707,80,0.4829859689530527,-3.55387280109023
TQQQ,15m,5,13,4.5,close_only,0.7,17.210800250000556,1.7216444553759886,14.414024836751608,80,0.6943201679795018,-5.224448492107414
TQQQ,15m,5,13,4.5,close_only,0.9,21.837452500000655,1.7004518055505538,18.574766003905292,80,0.888436534159441,-6.94666854359518
TQQQ,15m,5,13,,intraday,0.5,12.03627175000047,1.7427174386143367,10.071302425786707,80,0.4829859689530527,-3.55387280109023
TQQQ,15m,5,13,,intraday,0.7,17.210800250000556,1.7216444553759886,14.414024836751608,80,0.6943201679795018,-5.224448492107414
TQQQ,15m,5,13,,intraday,0.9,21.837452500000655,1.7004518055505538,18.574766003905292,80,0.888436534159441,-6.94666854359518
TQQQ,15m,5,13,,close_only,0.5,12.03627175000047,1.7427174386143367,10.071302425786707,80,0.4829859689530527,-3.55387280109023
TQQQ,15m,5,13,,close_only,0.7,17.210800250000556,1.7216444553759886,14.414024836751608,80,0.6943201679795018,-5.224448492107414
TQQQ,15m,5,13,,close_only,0.9,21.837452500000655,1.7004518055505538,18.574766003905292,80,0.888436534159441,-6.94666854359518
TQQQ,15m,8,21,2.5,intraday,0.5,5.430446074635279,1.1523482342358184,7.766834596805157,54,0.2263315162236248,-2.233896505050914
TQQQ,15m,8,21,2.5,intraday,0.7,7.545372908197397,1.121609876571508,11.073102287466268,54,0.3220321460304718,-3.2313902332799516
TQQQ,15m,8,21,2.5,intraday,0.9,9.565512126921295,1.11301299199162,14.29901557607458,54,0.41723927732012,-4.2639428747962675
TQQQ,15m,8,21,2.5,close_only,0.5,7.7450072500003895,1.4058621349712612,10.644381418336685,54,0.31878344142716175,-2.690485523453201
TQQQ,15m,8,21,2.5,close_only,0.7,10.967111750000367,1.3768650502354642,15.08220705069877,54,0.45951346575509133,-3.9237831402910706
TQQQ,15m,8,21,2.5,close_only,0.9,13.509808250000468,1.3471289528917518,19.278751290901745,54,0.5768641131295915,-5.05714935433248
TQQQ,15m,8,21,3.5,intraday,0.5,5.754873217170234,1.0325191852440183,9.299759780229348,54,0.24068841940561558,-2.636558806641409
TQQQ,15m,8,21,3.5,intraday,0.7,7.874063628448857,0.9954002073672673,13.323091469500929,54,0.3386312288370408,-3.817107946718812
TQQQ,15m,8,21,3.5,intraday,0.9,9.629461115083586,0.9662774507648737,17.126021648457602,54,0.4266432654411748,-5.038910234564531
TQQQ,15m,8,21,3.5,close_only,0.5,6.809475250000355,1.131640154527102,8.79154581517403,54,0.2862705789324203,-2.95280164189482
TQQQ,15m,8,21,3.5,close_only,0.7,9.005093250000481,1.0646381768080675,12.60773675200268,54,0.3914480550715901,-4.1179065734024745
TQQQ,15m,8,21,3.5,close_only,0.9,11.181488000000627,1.0532319033644002,16.17624589398467,54,0.5001662864069495,-5.3648337010887115
TQQQ,15m,8,21,4.5,intraday,0.5,5.321681546850027,0.9011215545724887,8.863339018932583,54,0.22832329696433362,-2.8598424328537764
TQQQ,15m,8,21,4.5,intraday,0.7,6.8958435974263015,0.8388726374163006,12.726512712543439,54,0.30978587093422666,-3.9924766200256756
TQQQ,15m,8,21,4.5,intraday,0.9,8.543625255390907,0.8337049979398047,16.324228114049223,54,0.39865969645589333,-5.204976198846789
TQQQ,15m,8,21,4.5,close_only,0.5,7.834962250000375,1.2416265522075918,9.283453864907298,54,0.3317769570362056,-2.966715291757216
TQQQ,15m,8,21,4.5,close_only,0.7,10.391399750000527,1.170646363734481,13.311631122138753,54,0.45611129672422057,-4.1436779186391774
TQQQ,15m,8,21,4.5,close_only,0.9,13.09227600000063,1.1681366821248533,17.023000057706213,54,0.5925111984419429,-5.409370514833323
TQQQ,15m,8,21,,intraday,0.5,6.577591250000364,1.0075288634152801,10.43719866477427,54,0.2866909365147165,-2.985160493807304
TQQQ,15m,8,21,,intraday,0.7,8.728231750000532,0.9564134138413634,14.855787692545174,54,0.3994419806797938,-4.177965303614872
TQQQ,15m,8,21,,intraday,0.9,11.014402500000598,0.9635494488161005,18.92604892366116,54,0.5258105687828509,-5.46890549771285
TQQQ,15m,8,21,,close_only,0.5,6.577591250000364,1.0075288634152801,10.43719866477427,54,0.2866909365147165,-2.985160493807304
TQQQ,15m,8,21,,close_only,0.7,8.728231750000532,0.9564134138413634,14.855787692545174,54,0.3994419806797938,-4.177965303614872
TQQQ,15m,8,21,,close_only,0.9,11.014402500000598,0.9635494488161005,18.92604892366116,54,0.5258105687828509,-5.46890549771285
TQQQ,15m,8,30,2.5,intraday,0.5,2.788365299727138,0.6425544983390881,7.587398640179867,43,0.12459384710984354,-2.7781659437164374
TQQQ,15m,8,30,2.5,intraday,0.7,3.884262121757229,0.6351435931710778,10.839338527272426,43,0.18291858766947883,-3.775041438341431
TQQQ,15m,8,30,2.5,intraday,0.9,4.439716234760362,0.5937227464828919,14.026682342839598,43,0.22331421475826424,-4.7822715902030914
TQQQ,15m,8,30,2.5,close_only,0.5,6.700658250000288,1.2938254449098328,9.441141498866322,43,0.2790549622266587,-2.2616256208993546
TQQQ,15m,8,30,2.5,close_only,0.7,9.61287675000026,1.283470437957896,13.370937768030927,43,0.40827912256502413,-3.2963533753169627
TQQQ,15m,8,30,2.5,close_only,0.9,12.038525750000417,1.2611538594902327,17.25981847743279,43,0.5232251704264153,-4.266617928612582
TQQQ,15m,8,30,3.5,intraday,0.5,3.8925501050506224,0.730567427560034,8.641430619890192,43,0.17063920340140323,-2.522573606045009
TQQQ,15m,8,30,3.5,intraday,0.7,5.300175309130145,0.7096008891853823,12.417979086194032,43,0.24407486170206213,-3.6630468985139775
TQQQ,15m,8,30,3.5,intraday,0.9,6.2488073555878145,0.6761553109712306,16.01942827971469,43,0.30496722682957556,-4.8425175300812695
TQQQ,15m,8,30,3.5,close_only,0.5,3.403307750000294,0.604067856261886,9.079958078356063,43,0.1572521794913637,-3.3883235632600317
TQQQ,15m,8,30,3.5,close_only,0.7,4.285541750000312,0.5580128872976333,13.099596780776993,43,0.2166303027829892,-4.78675894938998
TQQQ,15m,8,30,3.5,close_only,0.9,5.218937250000385,0.5574816233408384,16.757316160063702,43,0.2842148411368642,-6.289223977166847
TQQQ,15m,8,30,4.5,intraday,0.5,2.812625510538055,0.5093243971726611,9.037835929246711,43,0.13172709364538804,-3.3403106694786966
TQQQ,15m,8,30,4.5,intraday,0.7,3.473729202332515,0.46945787879057677,12.977693691782838,43,0.179985418164137,-4.721673327562925
TQQQ,15m,8,30,4.5,intraday,0.9,3.992004279766593,0.4532938768459411,16.71351640047866,43,0.22944277579477124,-6.2105387334705275
TQQQ,15m,8,30,4.5,close_only,0.5,7.625695500000301,1.1916304323830809,9.761380061891014,43,0.3211032134374569,-3.1301923751329452
TQQQ,15m,8,30,4.5,close_only,0.7,10.108129000000327,1.1211976550224458,13.974983683405714,43,0.4408586045554763,-4.398368508341632
TQQQ,15m,8,30,4.5,close_only,0.9,12.589250250000328,1.1069175610925017,17.854870618626943,43,0.5674244489870213,-5.784547617450508
TQQQ,15m,8,30,,intraday,0.5,8.173921250000285,1.1933150099274936,10.917571173018482,43,0.3451748125852116,-3.1045298631149354
TQQQ,15m,8,30,,intraday,0.7,11.038663500000348,1.1431861758926132,15.50417737028233,43,0.4825505457971615,-4.3747501642094395
TQQQ,15m,8,30,,intraday,0.9,12.968538250000325,1.0834498933348284,19.80793931635188,43,0.5914976616155405,-5.768598346723097
TQQQ,15m,8,30,,close_only,0.5,8.173921250000285,1.1933150099274936,10.917571173018482,43,0.3451748125852116,-3.1045298631149354
TQQQ,15m,8,30,,close_only,0.7,11.038663500000348,1.1431861758926132,15.50417737028233,43,0.4825505457971615,-4.3747501642094395
TQQQ,15m,8,30,,close_only,0.9,12.968538250000325,1.0834498933348284,19.80793931635188,43,0.5914976616155405,-5.768598346723097
TQQQ,30m,5,13,2.5,intraday,0.5,1.6438311732480542,0.3324967001841023,9.942518747954763,44,0.08239532992871013,-2.755988801656173
TQQQ,30m,5,13,2.5,intraday,0.7,1.5472654918149034,0.26409757240431914,14.346693603416977,44,0.09755854237749025,-3.843251794007385
TQQQ,30m,5,13,2.5,intraday,0.9,1.8333788975946845,0.27402324803326233,18.238394756843977,44,0.13310612104550318,-4.921934055030663
TQQQ,30m,5,13,2.5,close_only,0.5,-1.37821874999986,-0.1289042305354791,13.070526149778946,44,-0.030184149487851215,-3.0785321366119556
TQQQ,30m,5,13,2.5,close_only,0.7,-2.8011409999997228,-0.17463036532737655,18.806744636630267,44,-0.05952715230369907,-4.292975251724918
TQQQ,30m,5,13,2.5,close_only,0.9,-4.407187499999748,-0.21209932683607216,23.341157026022213,44,-0.09294049092439667,-5.610437080491071
TQQQ,30m,5,13,3.5,intraday,0.5,3.337493090931502,0.5418611910163821,11.77499467346502,44,0.16374619309799146,-3.124061773526776
TQQQ,30m,5,13,3.5,intraday,0.7,3.7970743576917356,0.4715396433177028,16.923225314127023,44,0.21585598447646603,-4.364419182635393
TQQQ,30m,5,13,3.5,intraday,0.9,4.067150046040342,0.43825515702785073,21.431692614006415,44,0.26754878767028684,-5.706156055449019
TQQQ,30m,5,13,3.5,close_only,0.5,4.297941750000154,0.6365360993611338,13.367641457459278,44,0.20056142507283423,-3.084573225597287
TQQQ,30m,5,13,3.5,close_only,0.7,5.042935000000261,0.5611926802822543,19.21646082563242,44,0.2644035084129617,-4.304176078071487
TQQQ,30m,5,13,3.5,close_only,0.9,5.642539000000307,0.5365669254971536,23.801596042367823,44,0.3262638439136506,-5.629882065585223
TQQQ,30m,5,13,4.5,intraday,0.5,4.2403545798848885,0.6311982895696525,13.034570068538379,44,0.1979071143157531,-3.1019186030640467
TQQQ,30m,5,13,4.5,intraday,0.7,5.049681764027037,0.5637029956758475,18.76036979601401,44,0.2635115706936632,-4.336416781766106
TQQQ,30m,5,13,4.5,intraday,0.9,4.748600057378416,0.4768644149167579,23.287280871383846,44,0.28493850052283465,-5.68603889254563
TQQQ,30m,5,13,4.5,close_only,0.5,3.7177320000002054,0.5565447692493668,13.40607420032259,44,0.17898288458930886,-3.1038143033845556
TQQQ,30m,5,13,4.5,close_only,0.7,4.269322000000284,0.4894231551564142,19.316114013018773,44,0.23656322100791358,-4.339947672340538
TQQQ,30m,5,13,4.5,close_only,0.9,3.7997167500002886,0.40789221577286044,23.933780568606927,44,0.25379697094298637,-5.692205824285102
TQQQ,30m,5,13,,intraday,0.5,3.7177320000002054,0.5565447692493668,13.40607420032259,44,0.17898288458930886,-3.1038143033845556
TQQQ,30m,5,13,,intraday,0.7,4.269322000000284,0.4894231551564142,19.316114013018773,44,0.23656322100791358,-4.339947672340538
TQQQ,30m,5,13,,intraday,0.9,3.7997167500002886,0.40789221577286044,23.933780568606927,44,0.25379697094298637,-5.692205824285102
TQQQ,30m,5,13,,close_only,0.5,3.7177320000002054,0.5565447692493668,13.40607420032259,44,0.17898288458930886,-3.1038143033845556
TQQQ,30m,5,13,,close_only,0.7,4.269322000000284,0.4894231551564142,19.316114013018773,44,0.23656322100791358,-4.339947672340538
TQQQ,30m,5,13,,close_only,0.9,3.7997167500002886,0.40789221577286044,23.933780568606927,44,0.25379697094298637,-5.692205824285102
TQQQ,30m,8,21,2.5,intraday,0.5,5.59953357651018,1.0574124939865472,8.64434557395665,23,0.23639369435540128,-3.287951213496376
TQQQ,30m,8,21,2.5,intraday,0.7,7.455880474605715,1.0101664762690683,11.999756321881943,23,0.3244822258771549,-4.515482824752892
TQQQ,30m,8,21,2.5,intraday,0.9,9.645116408417334,1.0206527695212941,15.599248616974752,23,0.430838371841931,-5.945039367737626
TQQQ,30m,8,21,2.5,close_only,0.5,2.462549000000126,0.44252202455217815,12.10844474999991,23,0.12405583304486219,-3.918551486821953
TQQQ,30m,8,21,2.5,close_only,0.7,3.2791897500002056,0.4417132878054164,16.814512499999886,23,0.18398790038760857,-5.421049112710675
TQQQ,30m,8,21,2.5,close_only,0.9,3.8996520000001964,0.4423429297525439,21.351936999999907,23,0.243646880021715,-7.170783317998808
TQQQ,30m,8,21,3.5,intraday,0.5,8.688354360357447,1.3054661675401513,11.223013384182149,23,0.3687721933183937,-4.2903198373860025
TQQQ,30m,8,21,3.5,intraday,0.7,12.175662003706474,1.2951391636594807,15.565426774599722,23,0.5308725036402709,-5.927888100737022
TQQQ,30m,8,21,3.5,intraday,0.9,15.247892756123974,1.287246981220634,19.80711856088952,23,0.6829099702126226,-7.847847792894291
TQQQ,30m,8,21,3.5,close_only,0.5,9.910323250000193,1.3821554091489239,12.258369749999916,23,0.4127680714227817,-3.9892368600150774
TQQQ,30m,8,21,3.5,close_only,0.7,13.697977750000154,1.3528654625382504,16.974432499999885,23,0.5836408827480151,-5.469686007864949
TQQQ,30m,8,21,3.5,close_only,0.9,16.88196900000016,1.334166423058949,21.54384099999992,23,0.7362021930761586,-7.235931662678041
TQQQ,30m,8,21,4.5,intraday,0.5,8.934761046256176,1.2541253320245715,12.287144412085183,23,0.37583598779327465,-4.130522044440688
TQQQ,30m,8,21,4.5,intraday,0.7,12.414772997259433,1.239182933540654,16.98267432150891,23,0.5356549257821013,-5.658715013518989
TQQQ,30m,8,21,4.5,intraday,0.9,15.390809193554741,1.2330259014391307,21.341336958675853,23,0.6802720893074068,-7.489132998323744
TQQQ,30m,8,21,4.5,close_only,0.5,12.515020250000155,1.6134102670088923,12.757619999999918,23,0.5159369757704969,-4.0119571585414455
TQQQ,30m,8,21,4.5,close_only,0.7,17.481085250000163,1.5882710089075869,17.640099499999895,23,0.733270847433091,-5.500084067336375
TQQQ,30m,8,21,4.5,close_only,0.9,22.10773950000016,1.5970787066034,22.119168499999944,23,0.9410626011151743,-7.276649378102573
TQQQ,30m,8,21,,intraday,0.5,13.194680250000147,1.699363103067355,12.757619999999918,23,0.5405878188757316,-4.0119571585414455
TQQQ,30m,8,21,,intraday,0.7,18.435607750000145,1.6700967035368057,17.640099499999895,23,0.7666771298794202,-5.500084067336375
TQQQ,30m,8,21,,intraday,0.9,23.291147500000125,1.6754843153921508,22.119168499999944,23,0.9809848295446352,-7.276649378102573
TQQQ,30m,8,21,,close_only,0.5,13.194680250000147,1.699363103067355,12.757619999999918,23,0.5405878188757316,-4.0119571585414455
TQQQ,30m,8,21,,close_only,0.7,18.435607750000145,1.6700967035368057,17.640099499999895,23,0.7666771298794202,-5.500084067336375
TQQQ,30m,8,21,,close_only,0.9,23.291147500000125,1.6754843153921508,22.119168499999944,23,0.9809848295446352,-7.276649378102573
TQQQ,30m,8,30,2.5,intraday,0.5,-4.53772252120948,-0.97417654650261,9.138771507446473,19,-0.17714904041752136,-3.0200365845810095
TQQQ,30m,8,30,2.5,intraday,0.7,-6.836394605952932,-1.0175672912071962,12.785092559395745,19,-0.26598445802694487,-4.3200840336652835
TQQQ,30m,8,30,2.5,intraday,0.9,-9.022450776182097,-1.0166301975745968,16.598723772538882,19,-0.3483091046909977,-5.689866581694014
TQQQ,30m,8,30,2.5,close_only,0.5,-8.80738499999983,-1.6441614342463147,11.971040727582947,19,-0.35665104676507914,-3.52294568801631
TQQQ,30m,8,30,2.5,close_only,0.7,-12.567089249999833,-1.6193677443474155,16.738080158221877,19,-0.511973721932561,-5.102689841403107
TQQQ,30m,8,30,2.5,close_only,0.9,-16.235164999999846,-1.6479752710300715,21.431466391479546,19,-0.666869607186972,-6.446231035035444
TQQQ,30m,8,30,3.5,intraday,0.5,-5.5704838015913545,-0.9032004612649377,12.014017730257168,19,-0.21130697700613993,-3.1559379252770636
TQQQ,30m,8,30,3.5,intraday,0.7,-7.844165787283021,-0.853572432408386,16.836129144979424,19,-0.28953134258074004,-4.5123816550743605
TQQQ,30m,8,30,3.5,intraday,0.9,-10.832997409914435,-0.9180854668829284,21.533277924339767,19,-0.3972807404852636,-5.867311068786085
TQQQ,30m,8,30,3.5,close_only,0.5,0.16512650000015583,0.09472951903116145,13.073249686615384,19,0.028197039899446885,-3.5678894317279553
TQQQ,30m,8,30,3.5,close_only,0.7,-0.13081049999985908,0.09022713487834853,18.32675490266416,19,0.039004506336763854,-5.200403718873026
TQQQ,30m,8,30,3.5,close_only,0.9,-1.3275267499998222,0.025147342341426904,23.212371179476236,19,0.01583514453162458,-6.227529961721478
TQQQ,30m,8,30,4.5,intraday,0.5,-1.4354381767516997,-0.12779242209092495,13.522508554951806,19,-0.03733499968998544,-3.3422044459183398
TQQQ,30m,8,30,4.5,intraday,0.7,-2.260122891396145,-0.11347765182008566,18.899153352106108,19,-0.04931367869508876,-4.7268059813011964
TQQQ,30m,8,30,4.5,intraday,0.9,-4.008563062024359,-0.1771333595097997,24.002090398760025,19,-0.09635895954862718,-6.222922624855309
TQQQ,30m,8,30,4.5,close_only,0.5,3.313551500000153,0.4997752047531304,13.247753676069774,19,0.1646918947419889,-3.57476837832994
TQQQ,30m,8,30,4.5,close_only,0.7,4.232506750000129,0.48548877866923246,18.559025999321126,19,0.23486299581760456,-5.214332371743646
TQQQ,30m,8,30,4.5,close_only,0.9,3.851382500000159,0.4121934704508848,23.521356141621514,19,0.25702395001582484,-6.250857858396131
TQQQ,30m,8,30,,intraday,0.5,15.058676000000174,1.7715799764723972,14.339522225476713,19,0.6166344610027412,-3.6184153571962585
TQQQ,30m,8,30,,intraday,0.7,20.692272750000164,1.7212812204063181,20.012209270713484,19,0.8610610616550893,-5.303198270710752
TQQQ,30m,8,30,,intraday,0.9,24.52980750000013,1.6427036295178636,25.177874130668883,19,1.0425897386246126,-6.382707823955746
TQQQ,30m,8,30,,close_only,0.5,15.058676000000174,1.7715799764723972,14.339522225476713,19,0.6166344610027412,-3.6184153571962585
TQQQ,30m,8,30,,close_only,0.7,20.692272750000164,1.7212812204063181,20.012209270713484,19,0.8610610616550893,-5.303198270710752
TQQQ,30m,8,30,,close_only,0.9,24.52980750000013,1.6427036295178636,25.177874130668883,19,1.0425897386246126,-6.382707823955746
AMD,5m,5,13,2.5,intraday,0.5,7.700292321418783,1.4289299480781474,6.249243713591625,191,0.30967082888812486,-2.359150473437177
AMD,5m,5,13,2.5,intraday,0.7,9.340457261489108,1.2558473910606278,10.192324272078793,214,0.38188620101787096,-2.855803963091408
AMD,5m,5,13,2.5,intraday,0.9,13.811318250494741,1.326835746698615,13.602581573326814,214,0.5616040219213484,-3.904363646480913
AMD,5m,5,13,2.5,close_only,0.5,6.978494750000186,1.1711693703361283,6.904865749999908,191,0.28744008617875716,-3.968688998683123
AMD,5m,5,13,2.5,close_only,0.7,9.070715000001588,1.0636438320294508,11.351592499999049,214,0.38288895486818175,-3.8626104777274906
AMD,5m,5,13,2.5,close_only,0.9,12.376980500001196,1.0951243092378082,15.18747424999973,214,0.5284171149704147,-5.1432285601627274
AMD,5m,5,13,3.5,intraday,0.5,11.312492389661633,1.6887692071738452,8.79268983951697,191,0.4490351066585761,-2.0401538669081343
AMD,5m,5,13,3.5,intraday,0.7,10.441134182564838,1.1470784533947092,13.782987337827707,214,0.4320475558165221,-3.0566622689686462
AMD,5m,5,13,3.5,intraday,0.9,16.344069520595124,1.2845057896542433,18.46543798385404,214,0.6778288709155769,-4.228453559512568
AMD,5m,5,13,3.5,close_only,0.5,12.874545250000097,1.886363908351248,5.845231711156132,191,0.5073521155003493,-3.6055290929202233
AMD,5m,5,13,3.5,close_only,0.7,14.423037500001692,1.5374582338675349,9.239972249999028,214,0.5783252232175028,-3.486792746764711
AMD,5m,5,13,3.5,close_only,0.9,21.842018250001274,1.6709654393772109,12.531733999999755,214,0.8698922844722183,-4.960015105886573
AMD,5m,5,13,4.5,intraday,0.5,10.500582196036227,1.5560801441024446,8.567376206717835,191,0.4244806091304208,-3.6886163334619138
AMD,5m,5,13,4.5,intraday,0.7,11.919824361168638,1.2807875385347285,13.145008127444408,214,0.4970448832954538,-3.5864223490151725
AMD,5m,5,13,4.5,intraday,0.9,16.824088925429077,1.3147171421992354,17.766949628861735,214,0.7152873143203675,-5.1932951813316475
AMD,5m,5,13,4.5,close_only,0.5,13.909527500000127,1.9879400874283522,6.3352801774323595,191,0.5456901001622629,-3.641756917621042
AMD,5m,5,13,4.5,close_only,0.7,17.819338500001685,1.7825320747961608,9.983600249999052,214,0.7023936746503519,-3.472032050417828
AMD,5m,5,13,4.5,close_only,0.9,26.742067000001224,1.899031377937296,13.523237999999754,214,1.0406084719037922,-4.9119984277496425
AMD,5m,5,13,,intraday,0.5,13.181891500000098,1.8620344589289286,6.918074750000006,191,0.5200726418785253,-3.670533996569625
AMD,5m,5,13,,intraday,0.7,16.549973500001716,1.6434307593241109,10.694244749999053,214,0.6575636461045028,-3.513188125635003
AMD,5m,5,13,,intraday,0.9,24.92370400000127,1.755700974702821,14.530733999999757,214,0.9815679401039975,-4.993840872714561
AMD,5m,5,13,,close_only,0.5,13.181891500000098,1.8620344589289286,6.918074750000006,191,0.5200726418785253,-3.670533996569625
AMD,5m,5,13,,close_only,0.7,16.549973500001716,1.6434307593241109,10.694244749999053,214,0.6575636461045028,-3.513188125635003
AMD,5m,5,13,,close_only,0.9,24.92370400000127,1.755700974702821,14.530733999999757,214,0.9815679401039975,-4.993840872714561
AMD,5m,8,21,2.5,intraday,0.5,8.084645734296055,1.835290241046776,6.862624921720883,113,0.3209461368491104,-1.8634977750190962
AMD,5m,8,21,2.5,intraday,0.7,7.319484550517359,1.1668574739350657,10.720592744441799,132,0.30165111064050615,-2.861902036750541
AMD,5m,8,21,2.5,intraday,0.9,11.00068081414363,1.301968945170482,14.357466075649109,132,0.4523467594269968,-3.8997885180265035
AMD,5m,8,21,2.5,close_only,0.5,7.592406750000167,1.4339536107361839,7.296485339831955,113,0.3048798703380196,-2.0231332823482773
AMD,5m,8,21,2.5,close_only,0.7,6.560399000001098,0.8949364879132298,10.980829592035473,132,0.27670366560445603,-3.0769555527923265
AMD,5m,8,21,2.5,close_only,0.9,8.993987750000814,0.9581387008885356,14.43949820171276,132,0.384746458805527,-4.193975909155023
AMD,5m,8,21,3.5,intraday,0.5,14.267500639460923,2.110561864378,9.079164060797519,113,0.5572749776517156,-2.2729339805355298
AMD,5m,8,21,3.5,intraday,0.7,10.827747890781074,1.2649377036072633,13.96116359912284,132,0.44564757198898874,-3.5236231083680347
AMD,5m,8,21,3.5,intraday,0.9,22.624396411293446,1.6942912859047263,18.5592657250874,132,0.9064695160076051,-4.8456046799702275
AMD,5m,8,21,3.5,close_only,0.5,16.870765250000293,2.339221143625387,7.012318064094631,113,0.6486206151312435,-2.0842464568980756
AMD,5m,8,21,3.5,close_only,0.7,16.169592000001103,1.7129406702320005,10.61708792007864,132,0.6380798341559304,-3.153182202461613
AMD,5m,8,21,3.5,close_only,0.9,26.691134750000856,1.949679614765431,13.839800369161143,132,1.0336283464958127,-4.2714457432865505
AMD,5m,8,21,4.5,intraday,0.5,17.17766980563988,2.3344328140604906,9.194900404205326,113,0.6612326178791385,-2.06146976372682
AMD,5m,8,21,4.5,intraday,0.7,20.194332563370153,2.0545186061373335,13.684734614221547,132,0.7794178552179987,-3.1524989028959616
AMD,5m,8,21,4.5,intraday,0.9,31.94904174846579,2.19742598627954,17.98213179861777,132,1.2086465243434237,-4.327198562993983
AMD,5m,8,21,4.5,close_only,0.5,21.644877000000225,2.8536013443144435,6.856497669678633,113,0.8115933199377214,-2.0694693802529085
AMD,5m,8,21,4.5,close_only,0.7,26.189079750001156,2.5372628938506594,10.21033998828093,132,0.975349327723134,-3.1366549180540826
AMD,5m,8,21,4.5,close_only,0.9,41.391281000000845,2.7088381079198602,13.536587512491542,132,1.4828111879118782,-4.233296383823182
AMD,5m,8,21,,intraday,0.5,23.693352250000224,3.000947130776974,6.962210219009101,113,0.8806941835633464,-2.0836580459536957
AMD,5m,8,21,,intraday,0.7,27.414966500001082,2.5508722779194843,10.401431563686035,132,1.0177357229038224,-3.1693660252435807
AMD,5m,8,21,,intraday,0.9,43.31182025000085,2.735671166689943,13.81538787322919,132,1.543389575413202,-4.286729752478868
AMD,5m,8,21,,close_only,0.5,23.693352250000224,3.000947130776974,6.962210219009101,113,0.8806941835633464,-2.0836580459536957
AMD,5m,8,21,,close_only,0.7,27.414966500001082,2.5508722779194843,10.401431563686035,132,1.0177357229038224,-3.1693660252435807
AMD,5m,8,21,,close_only,0.9,43.31182025000085,2.735671166689943,13.81538787322919,132,1.543389575413202,-4.286729752478868
AMD,5m,8,30,2.5,intraday,0.5,4.077555586609878,1.1024803579871127,6.307457862068546,85,0.16846883116345565,-1.4801926862539228
AMD,5m,8,30,2.5,intraday,0.7,1.8820710329592771,0.41510138242805295,9.451399082847821,97,0.08994829964631457,-1.9779107478440583
AMD,5m,8,30,2.5,intraday,0.9,4.653709484707043,0.6973953575124429,12.218648410266372,97,0.210470072585248,-2.5053812997958724
AMD,5m,8,30,2.5,close_only,0.5,1.624274250000167,0.4461576176866285,7.040983816428549,85,0.07438726238415418,-2.076717160354591
AMD,5m,8,30,2.5,close_only,0.7,-2.285264249999136,-0.36488287154058624,10.876015691615592,97,-0.07466740339440882,-2.3717308204909804
AMD,5m,8,30,2.5,close_only,0.9,0.5500825000006444,0.148463424819391,13.98997110140024,97,0.0549808805467373,-2.8981655797875594
AMD,5m,8,30,3.5,intraday,0.5,11.217600819213384,1.8879318742005975,9.076226224711622,85,0.44743886629072493,-2.011362457262056
AMD,5m,8,30,3.5,intraday,0.7,6.3972505674371405,0.9218008825130627,13.665942488624266,97,0.2787427970390639,-2.784943629953096
AMD,5m,8,30,3.5,intraday,0.9,17.356346793618286,1.521661796374595,17.850071918791922,97,0.7203502168390306,-3.5905090239932713
AMD,5m,8,30,3.5,close_only,0.5,18.100532000000204,2.686496113080776,5.474759292447936,85,0.6874530917624813,-2.1293130823052397
AMD,5m,8,30,3.5,close_only,0.7,16.118529250000893,1.9217903452203993,8.26663920908388,97,0.6289632683388531,-2.490209638633367
AMD,5m,8,30,3.5,close_only,0.9,30.538580750000797,2.4134041952355973,10.60913452387687,97,1.1374860778275449,-2.90891131903378
AMD,5m,8,30,4.5,intraday,0.5,13.737132739024036,2.103556894191063,9.45155480722342,85,0.5383349919382446,-2.2692665035865756
AMD,5m,8,30,4.5,intraday,0.7,15.56958744042945,1.8115924299759458,13.983245288729126,97,0.6167835081097257,-2.365233445193049
AMD,5m,8,30,4.5,intraday,0.9,28.943190365439754,2.2086969803311836,17.823634770318357,97,1.1015703120662192,-3.19299623358682
AMD,5m,8,30,4.5,close_only,0.5,22.086038250000207,3.170856374104541,5.688618029214694,85,0.8199754745046373,-1.465065912617547
AMD,5m,8,30,4.5,close_only,0.7,25.747212500000956,2.7577779086792678,8.5180052359872,97,0.9511563931531962,-2.2202456199642784
AMD,5m,8,30,4.5,close_only,0.9,44.23023150000074,3.1418770195269583,11.080843636146673,97,1.5408439298192969,-2.920197440624006
AMD,5m,8,30,,intraday,0.5,25.604278250000224,3.367349813341973,5.933192476279594,85,0.9369731845674591,-1.482386187391449
AMD,5m,8,30,,intraday,0.7,29.329920250000917,2.8616755223801773,9.415808011695137,97,1.0680514580817893,-2.8731358998589807
AMD,5m,8,30,,intraday,0.9,48.39714700000079,3.144885021359082,11.968491657110222,97,1.6647710773830375,-2.991389493430041
AMD,5m,8,30,,close_only,0.5,25.604278250000224,3.367349813341973,5.933192476279594,85,0.9369731845674591,-1.482386187391449
AMD,5m,8,30,,close_only,0.7,29.329920250000917,2.8616755223801773,9.415808011695137,97,1.0680514580817893,-2.8731358998589807
AMD,5m,8,30,,close_only,0.9,48.39714700000079,3.144885021359082,11.968491657110222,97,1.6647710773830375,-2.991389493430041
AMD,15m,5,13,2.5,intraday,0.5,0.7696726167805537,0.21529227485441146,6.893627624004431,54,0.038869478233065635,-2.476292914351419
AMD,15m,5,13,2.5,intraday,0.7,-1.2480277986452732,-0.13766520262554693,9.610861624573227,59,-0.035706383730379265,-2.9089441417100903
AMD,15m,5,13,2.5,intraday,0.9,1.265991242919574,0.23160265709503078,13.313098768915546,59,0.07973985449874106,-4.348400158418775
AMD,15m,5,13,2.5,close_only,0.5,17.40823125000011,2.7148958102644105,6.628587458101773,54,0.6643524082934533,-3.0199632766768736
AMD,15m,5,13,2.5,close_only,0.7,17.3938707500005,2.150562752591552,9.155092095834876,59,0.6693616057045602,-3.707466846665808
AMD,15m,5,13,2.5,close_only,0.9,31.018326250000566,2.5748239786462763,12.80614220505373,59,1.1538939272183217,-5.445643069904693
AMD,15m,5,13,3.5,intraday,0.5,8.507130381631304,1.5149608473219076,6.58090452617361,54,0.33671939415208785,-2.696729639872797
AMD,15m,5,13,3.5,intraday,0.7,8.69290775702866,1.1820213954604024,9.629319211026354,59,0.35293634208077806,-3.356699397127849
AMD,15m,5,13,3.5,intraday,0.9,16.22374563843605,1.5027059506437794,13.137879304766647,59,0.6412223883435311,-4.9746556591772855
AMD,15m,5,13,3.5,close_only,0.5,22.16535150000018,3.0124325264352203,7.3353957998018124,54,0.8258350477605849,-3.0750127911478464
AMD,15m,5,13,3.5,close_only,0.7,23.320905750000477,2.405653374110857,10.14548467222809,59,0.877288366937215,-3.8129749152829517
AMD,15m,5,13,3.5,close_only,0.9,41.34915825000057,2.8233301917457125,14.139518070191606,59,1.4729713172832977,-5.605017025040149
AMD,15m,5,13,4.5,intraday,0.5,20.938481369231,2.8690094156169135,7.225048676425798,54,0.78394244066881,-2.7621891863383152
AMD,15m,5,13,4.5,intraday,0.7,22.66567031228751,2.3634524760260236,10.29612832633237,59,0.8538444483975084,-3.520877894887642
AMD,15m,5,13,4.5,intraday,0.9,39.71191886727079,2.733393808713905,14.360224715326456,59,1.422297854260762,-5.174570689023739
AMD,15m,5,13,4.5,close_only,0.5,20.01492725000021,2.687633733386813,7.993718125397528,54,0.7537541188446236,-3.499377212952537
AMD,15m,5,13,4.5,close_only,0.7,20.182475750000503,2.065117531063867,11.496835186976979,59,0.7743343423381615,-4.657151908474255
AMD,15m,5,13,4.5,close_only,0.9,36.62802000000052,2.4703069800252004,16.11936939738441,59,1.3376029977723318,-6.844532096643774
AMD,15m,5,13,,intraday,0.5,19.73606675000019,2.649717620242844,7.993718125397528,54,0.744133162259005,-3.499377212952537
AMD,15m,5,13,,intraday,0.7,19.742695750000486,2.020950665035489,11.496835186976979,59,0.7590378632173608,-4.657151908474255
AMD,15m,5,13,,intraday,0.9,36.02732050000054,2.4295589546017875,16.11936939738441,59,1.3189803205166377,-6.844532096643774
AMD,15m,5,13,,close_only,0.5,19.73606675000019,2.649717620242844,7.993718125397528,54,0.744133162259005,-3.499377212952537
AMD,15m,5,13,,close_only,0.7,19.742695750000486,2.020950665035489,11.496835186976979,59,0.7590378632173608,-4.657151908474255
AMD,15m,5,13,,close_only,0.9,36.02732050000054,2.4295589546017875,16.11936939738441,59,1.3189803205166377,-6.844532096643774
AMD,15m,8,21,2.5,intraday,0.5,1.8363945066226732,0.5371107356133358,4.153065297666845,33,0.07875813937702336,-2.745007100889041
AMD,15m,8,21,2.5,intraday,0.7,-0.9767420350111025,-0.11851829529044901,6.984411826698113,38,-0.02635893534331492,-4.1354768078965325
AMD,15m,8,21,2.5,intraday,0.9,1.6542774939809761,0.29065282108855256,10.081331379074953,38,0.09214485000471795,-6.24239834802558
AMD,15m,8,21,2.5,close_only,0.5,11.176185500000065,2.2096028468932327,4.89802184174752,33,0.43740176117858054,-2.954904505671674
AMD,15m,8,21,2.5,close_only,0.7,16.032830500000227,1.9081648393987931,7.804121432509308,38,0.6348224642101866,-5.011650680146462
AMD,15m,8,21,2.5,close_only,0.9,18.349353000000292,1.8354098748415608,11.174477781735574,38,0.7283869407149851,-7.464267795728075
AMD,15m,8,21,3.5,intraday,0.5,4.09811540905257,0.9599708631415053,4.816737444866172,33,0.16912557281973276,-3.1620955769858017
AMD,15m,8,21,3.5,intraday,0.7,1.975258434137072,0.35785503392118867,7.784861003548348,38,0.09942928249886678,-4.613847114235736
AMD,15m,8,21,3.5,intraday,0.9,6.353026808843857,0.7691257818396544,11.11947410527651,38,0.28730023183691417,-6.885849749151052
AMD,15m,8,21,3.5,close_only,0.5,17.566988500000047,2.8341299203086034,5.992678519022706,33,0.6661726483691508,-3.0936122961103263
AMD,15m,8,21,3.5,close_only,0.7,25.151768750000247,2.338732871915156,9.711499316137605,38,0.9519228367808797,-5.1527489095054
AMD,15m,8,21,3.5,close_only,0.9,30.46429250000033,2.3520318269753626,13.750504044446329,38,1.1452564933028477,-7.6964190743257
AMD,15m,8,21,4.5,intraday,0.5,15.633908967054072,2.5337599761663974,6.287272376838607,33,0.5981581636632711,-3.201486911720164
AMD,15m,8,21,4.5,intraday,0.7,23.83380907857518,2.249183503894522,9.996937021628751,38,0.9046478624194778,-5.003018898889988
AMD,15m,8,21,4.5,intraday,0.9,28.476164434128258,2.240696895173402,14.133813200634512,38,1.0779576409875713,-7.487014038635175
AMD,15m,8,21,4.5,close_only,0.5,14.132706500000038,2.2427145891327744,7.086667663954187,33,0.5469512090612144,-3.5307483288557484
AMD,15m,8,21,4.5,close_only,0.7,20.18625275000022,1.8745785203318417,11.44982882426812,38,0.7889416177806217,-6.21587655743554
AMD,15m,8,21,4.5,close_only,0.9,24.27538850000028,1.8732855059891402,16.24362914083651,38,0.954941769365639,-9.309576692418286
AMD,15m,8,21,,intraday,0.5,15.559992500000044,2.2539086365998293,7.368548474287497,33,0.5975390633690645,-3.554826790031551
AMD,15m,8,21,,intraday,0.7,21.191749750000234,1.8992826376248702,11.86691284855758,38,0.8224871184593439,-6.242732088564972
AMD,15m,8,21,,intraday,0.9,27.07598750000029,1.9317891737022628,16.792296397867897,38,1.046323874331786,-9.363200593688237
AMD,15m,8,21,,close_only,0.5,15.559992500000044,2.2539086365998293,7.368548474287497,33,0.5975390633690645,-3.554826790031551
AMD,15m,8,21,,close_only,0.7,21.191749750000234,1.8992826376248702,11.86691284855758,38,0.8224871184593439,-6.242732088564972
AMD,15m,8,21,,close_only,0.9,27.07598750000029,1.9317891737022628,16.792296397867897,38,1.046323874331786,-9.363200593688237
AMD,15m,8,30,2.5,intraday,0.5,0.205343329960931,0.09245152694471684,5.053262254243556,31,0.013237103495457259,-2.881130508241725
AMD,15m,8,30,2.5,intraday,0.7,-1.0205530061491344,-0.13140138262382484,6.864012671548195,35,-0.031779563830339086,-2.8905463998618486
AMD,15m,8,30,2.5,intraday,0.9,0.4991158792241095,0.14153766393715236,9.24116141653277,35,0.03706916984033004,-3.7611339217094586
AMD,15m,8,30,2.5,close_only,0.5,6.305281500000001,1.2677778489303164,7.1779348157203815,31,0.25777853524592276,-3.8770603174604346
AMD,15m,8,30,2.5,close_only,0.7,6.593353750000233,1.0215787734290045,7.446317419506071,35,0.27536816432335925,-3.81558771075714
AMD,15m,8,30,2.5,close_only,0.9,11.117206750000241,1.1809267476143255,11.247069513134186,35,0.46723745142212364,-5.207051976351506
AMD,15m,8,30,3.5,intraday,0.5,-0.3607885442516022,-0.03501719963283846,7.440809020374628,31,-0.006533886155470903,-3.9893213688137696
AMD,15m,8,30,3.5,intraday,0.7,-0.04095916566006963,0.05862475566778895,8.232416093356164,35,0.013854186621315955,-3.912090381142952
AMD,15m,8,30,3.5,intraday,0.9,-0.02663309224142267,0.08821298183657718,12.179460884794512,35,0.03043079476308911,-5.65366285522143
AMD,15m,8,30,3.5,close_only,0.5,10.404231000000072,1.7190659196113283,6.156094279621895,31,0.41555153195121536,-3.914659361541073
AMD,15m,8,30,3.5,close_only,0.7,11.137080750000292,1.3385791350084701,9.276178606995325,35,0.4602931178768901,-3.7639393067690152
AMD,15m,8,30,3.5,close_only,0.9,19.364581000000246,1.5972243636278955,12.597076564890545,35,0.7850084682611147,-5.201216093931748
AMD,15m,8,30,4.5,intraday,0.5,11.39942284704648,1.7362858006268378,6.760277128617408,31,0.4573472502205278,-3.9305203637176267
AMD,15m,8,30,4.5,intraday,0.7,16.753470530001028,1.7483206513382687,10.013315353833812,35,0.683005941732884,-3.669549857693022
AMD,15m,8,30,4.5,intraday,0.9,26.82288601283083,1.906053131692454,13.702228427319618,35,1.0850775073664862,-5.06608632320753
AMD,15m,8,30,4.5,close_only,0.5,8.670598250000012,1.2860021673013091,7.524409723393963,31,0.35887460601743376,-4.320574806398381
AMD,15m,8,30,4.5,close_only,0.7,11.390953750000222,1.1688884805905626,11.395928270329218,35,0.4995780336545469,-4.175459184008057
AMD,15m,8,30,4.5,close_only,0.9,17.022104000000198,1.2317126269948053,15.76264133804928,35,0.7709344623445472,-6.301094902692183
AMD,15m,8,30,,intraday,0.5,18.084888750000026,2.257179838988405,7.645228074001084,31,0.6978180332954702,-4.093710275310647
AMD,15m,8,30,,intraday,0.7,24.493899000000262,2.138283986345859,11.516686137214045,35,0.9523872370355968,-4.175030408033997
AMD,15m,8,30,,intraday,0.9,32.761730250000234,2.040522188005637,15.943687503585224,35,1.2746611765591034,-6.300118494768425
AMD,15m,8,30,,close_only,0.5,18.084888750000026,2.257179838988405,7.645228074001084,31,0.6978180332954702,-4.093710275310647
AMD,15m,8,30,,close_only,0.7,24.493899000000262,2.138283986345859,11.516686137214045,35,0.9523872370355968,-4.175030408033997
AMD,15m,8,30,,close_only,0.9,32.761730250000234,2.040522188005637,15.943687503585224,35,1.2746611765591034,-6.300118494768425
AMD,30m,5,13,2.5,intraday,0.5,9.188672827019651,1.853321167138791,4.6307006534947135,25,0.36142830062177067,-2.443553831082257
AMD,30m,5,13,2.5,intraday,0.7,8.104302624012757,1.152974329102943,7.177874395002852,30,0.33426620319780215,-4.405627983115856
AMD,30m,5,13,2.5,intraday,0.9,12.834262047171046,1.3100181268630582,10.070649130960687,30,0.5266880289742999,-6.161455894616696
AMD,30m,5,13,2.5,close_only,0.5,17.75181525000003,2.5824144306207,6.702543915004067,25,0.6759347398305757,-2.4372263197063315
AMD,30m,5,13,2.5,close_only,0.7,19.273619000000167,1.9365350975024032,10.504756938881105,30,0.7649233570378401,-5.015472842074242
AMD,30m,5,13,2.5,close_only,0.9,32.48261700000018,2.1931742692067515,14.540557548136396,30,1.2524036192626922,-6.769798115164372
AMD,30m,5,13,3.5,intraday,0.5,17.34826418799214,2.315369557723174,7.252274151855266,25,0.6641745224819573,-2.9239651580047377
AMD,30m,5,13,3.5,intraday,0.7,19.434430609530047,1.8893195678651997,11.178961603596038,30,0.7710659813941549,-4.370094993966234
AMD,30m,5,13,3.5,intraday,0.9,33.981009396572155,2.152658394277046,15.240061532127921,30,1.3032456169023985,-6.5057672571366965
AMD,30m,5,13,3.5,close_only,0.5,25.26905475000003,3.150282884983688,6.842202043688801,25,0.9297038898533233,-2.362869829286618
AMD,30m,5,13,3.5,close_only,0.7,29.49850400000021,2.5869512481204056,10.786680263252208,30,1.103093386133517,-4.705323322925759
AMD,30m,5,13,3.5,close_only,0.9,44.10680200000022,2.680210898291193,14.797697582997518,30,1.5901074945101892,-7.007218917514091
AMD,30m,5,13,4.5,intraday,0.5,24.05381724339245,2.9845752913741426,7.555426943328519,25,0.89059956149959,-2.37279279072099
AMD,30m,5,13,4.5,intraday,0.7,28.022474588600105,2.449113026827703,11.840880285590048,30,1.0553163556352456,-4.734896838042701
AMD,30m,5,13,4.5,intraday,0.9,42.12936853845354,2.5364624749979168,16.18304856603495,30,1.5352837190060797,-7.065637019410254
AMD,30m,5,13,4.5,close_only,0.5,26.435971000000063,3.3201286476376044,6.045862106705964,25,0.9667341929135529,-2.3418933260280994
AMD,30m,5,13,4.5,close_only,0.7,31.068718500000227,2.7428131878251287,9.605127899717955,30,1.149556186162449,-4.643208520229091
AMD,30m,5,13,4.5,close_only,0.9,46.60255350000027,2.8509478605269023,13.094733542598503,30,1.6551312325007224,-6.885291066635624
AMD,30m,5,13,,intraday,0.5,26.435971000000063,3.3201286476376044,6.045862106705964,25,0.9667341929135529,-2.3418933260280994
AMD,30m,5,13,,intraday,0.7,31.068718500000227,2.7428131878251287,9.605127899717955,30,1.149556186162449,-4.643208520229091
AMD,30m,5,13,,intraday,0.9,46.60255350000027,2.8509478605269023,13.094733542598503,30,1.6551312325007224,-6.885291066635624
AMD,30m,5,13,,close_only,0.5,26.435971000000063,3.3201286476376044,6.045862106705964,25,0.9667341929135529,-2.3418933260280994
AMD,30m,5,13,,close_only,0.7,31.068718500000227,2.7428131878251287,9.605127899717955,30,1.149556186162449,-4.643208520229091
AMD,30m,5,13,,close_only,0.9,46.60255350000027,2.8509478605269023,13.094733542598503,30,1.6551312325007224,-6.885291066635624
AMD,30m,8,21,2.5,intraday,0.5,-0.030573445544928288,0.03875895570350218,7.047304466069179,17,0.004769946083831336,-4.0173355042347865
AMD,30m,8,21,2.5,intraday,0.7,1.7158849236119524,0.34765662487434684,7.794520136033458,19,0.07776872601372808,-3.912021870257454
AMD,30m,8,21,2.5,intraday,0.9,3.4981442814638513,0.48033187329060306,10.425394052985288,19,0.1563847467916899,-4.691339277533002
AMD,30m,8,21,2.5,close_only,0.5,9.565981500000044,1.5261907123818492,5.422600590736695,17,0.3832183426032074,-3.794027200511063
AMD,30m,8,21,2.5,close_only,0.7,14.694044250000072,1.6745463733232118,5.092139857945669,19,0.5942228729485932,-3.5609086324077666
AMD,30m,8,21,2.5,close_only,0.9,25.521643750000067,1.9263139071614608,6.843622593984219,19,1.0101862028384376,-4.059176277583143
AMD,30m,8,21,3.5,intraday,0.5,12.309955493043844,1.7269838037460974,6.569455846865971,17,0.48770743367117847,-4.447265985622916
AMD,30m,8,21,3.5,intraday,0.7,18.186211609567884,1.9255449133416114,6.190566319545248,19,0.7192735204892121,-4.187376459466485
AMD,30m,8,21,3.5,intraday,0.9,33.96251232853117,2.2850326118197786,8.320830080159281,19,1.2843804944157704,-4.674048634384775
AMD,30m,8,21,3.5,close_only,0.5,11.589469250000048,1.6137232049287074,5.968761314973828,17,0.4594040146282765,-3.8717525818555143
AMD,30m,8,21,3.5,close_only,0.7,15.233274500000107,1.5798557943596174,5.670642903987626,19,0.616642946390015,-3.6758682514370977
AMD,30m,8,21,3.5,close_only,0.9,30.43518575000007,2.0324284983936574,7.840353581402666,19,1.1741938056617562,-4.211612096601347
AMD,30m,8,21,4.5,intraday,0.5,15.06334652681162,1.9201618484646221,6.088811798032225,17,0.5923667071332939,-4.3103655745817875
AMD,30m,8,21,4.5,intraday,0.7,18.933187854688956,1.8458796272288238,5.819463980798014,19,0.749571311630222,-4.117763224411619
AMD,30m,8,21,4.5,intraday,0.9,37.688116466652765,2.284921313191401,7.964252444478278,19,1.423206930057292,-4.955121738579882
AMD,30m,8,21,4.5,close_only,0.5,16.784370500000023,2.0976904614143024,6.04353625591537,17,0.6516631106484039,-4.277977823573154
AMD,30m,8,21,4.5,close_only,0.7,20.353213250000092,1.9477049102810586,5.756842044780568,19,0.7962931928776525,-4.073010011362577
AMD,30m,8,21,4.5,close_only,0.9,40.5501257500001,2.432863144236281,7.854533403951391,19,1.5016252209016505,-4.88563958950472
AMD,30m,8,21,,intraday,0.5,16.552486500000033,2.0586949032359505,6.055642975375712,17,0.6439437303886422,-4.286637837437324
AMD,30m,8,21,,intraday,0.7,21.306236500000068,2.0298271946198274,5.773334197785617,19,0.827780229588447,-4.084795302074761
AMD,30m,8,21,,intraday,0.9,41.387207000000124,2.462791869962651,7.88112366631377,19,1.526468078171153,-4.902475314611287
AMD,30m,8,21,,close_only,0.5,16.552486500000033,2.0586949032359505,6.055642975375712,17,0.6439437303886422,-4.286637837437324
AMD,30m,8,21,,close_only,0.7,21.306236500000068,2.0298271946198274,5.773334197785617,19,0.827780229588447,-4.084795302074761
AMD,30m,8,21,,close_only,0.9,41.387207000000124,2.462791869962651,7.88112366631377,19,1.526468078171153,-4.902475314611287
AMD,30m,8,30,2.5,intraday,0.5,-2.0840824447968997,-0.6002678689766174,5.379629377551347,11,-0.08103685475891265,-3.1761848072370147
AMD,30m,8,30,2.5,intraday,0.7,-4.863324105062667,-0.8695502864581214,10.220994298447925,15,-0.19319601057445546,-3.1281919838867855
AMD,30m,8,30,2.5,intraday,0.9,-5.167355133152932,-0.7065649034268683,11.213354092513168,15,-0.20367696997244303,-3.141536325919503
AMD,30m,8,30,2.5,close_only,0.5,6.104545250000001,1.183703998662754,3.863116019580294,11,0.2456188108282142,-2.947410419598573
AMD,30m,8,30,2.5,close_only,0.7,2.6867722500000584,0.43282891491753017,9.044194546632536,15,0.1225045532980285,-3.894909199347918
AMD,30m,8,30,2.5,close_only,0.9,8.886660500000106,0.9282508904147102,9.331771356092137,15,0.3694804894560666,-3.68465873345023
AMD,30m,8,30,3.5,intraday,0.5,8.348517595256771,1.3833029213605261,5.261008118935281,11,0.3319500988201014,-3.6580725004344727
AMD,30m,8,30,3.5,intraday,0.7,6.029642116524156,0.828709662325792,5.846233422245402,15,0.2514827609692461,-3.5835057133162818
AMD,30m,8,30,3.5,intraday,0.9,16.406169367311623,1.4265496071664738,6.9054130325193475,15,0.642162265157637,-3.440113169568393
AMD,30m,8,30,3.5,close_only,0.5,11.285953250000011,1.7569505334703757,4.809532887624026,11,0.4397826534308669,-3.297197540105734
AMD,30m,8,30,3.5,close_only,0.7,6.431399000000101,0.8242762367459197,7.441151384938202,15,0.2687368046449641,-3.7651475461741413
AMD,30m,8,30,3.5,close_only,0.9,18.265468750000128,1.5211032603005437,8.595213292154787,15,0.7063978463413377,-3.406488679672759
AMD,30m,8,30,4.5,intraday,0.5,13.940946805905718,1.9096748366542842,5.836934874592144,11,0.5474275719428925,-4.637246732052047
AMD,30m,8,30,4.5,intraday,0.7,9.913135715270665,1.1577633605515765,6.621222962827702,15,0.40689788143141215,-4.5882828855469455
AMD,30m,8,30,4.5,intraday,0.9,24.608155363258174,1.7936430449410419,7.665119148350448,15,0.956343193614762,-5.510329193244356
AMD,30m,8,30,4.5,close_only,0.5,13.799695750000025,1.8575394140063481,6.054463523046543,11,0.5438260505072638,-4.848629047779973
AMD,30m,8,30,4.5,close_only,0.7,8.860184000000118,1.0201061242176879,6.593090587782764,15,0.3705860184587921,-4.803923221642159
AMD,30m,8,30,4.5,close_only,0.9,23.880659750000135,1.7120707050278423,8.03772564765633,15,0.9375849563641063,-5.891094826504306
AMD,30m,8,30,,intraday,0.5,37.26895525000005,3.696543863545851,5.439700045376759,11,1.3274852703308817,-4.034463377528629
AMD,30m,8,30,,intraday,0.7,45.543833000000085,3.4315038305011534,7.375716299266768,15,1.5981173403016833,-3.7014705166754314
AMD,30m,8,30,,intraday,0.9,72.66975300000009,3.7893020251300134,8.850460624308512,15,2.358596783067159,-4.318574833598044
AMD,30m,8,30,,close_only,0.5,37.26895525000005,3.696543863545851,5.439700045376759,11,1.3274852703308817,-4.034463377528629
AMD,30m,8,30,,close_only,0.7,45.543833000000085,3.4315038305011534,7.375716299266768,15,1.5981173403016833,-3.7014705166754314
AMD,30m,8,30,,close_only,0.9,72.66975300000009,3.7893020251300134,8.850460624308512,15,2.358596783067159,-4.318574833598044
NVDA,5m,5,13,2.5,intraday,0.5,-12.678156214222883,-3.9448858066823966,13.138710611737176,218,-0.5242118665540705,-3.0678237141380627
NVDA,5m,5,13,2.5,intraday,0.7,-17.717762070903305,-3.6706683048739306,18.339299283597246,218,-0.745266315369544,-4.765026035550834
NVDA,5m,5,13,2.5,intraday,0.9,-21.667651173743458,-3.4570279860694098,22.403082896779726,218,-0.9223139868145513,-4.988876071090409
NVDA,5m,5,13,2.5,close_only,0.5,-11.98573249999987,-3.3386716237223415,13.748854267105736,218,-0.502330015123297,-3.552092710271615
NVDA,5m,5,13,2.5,close_only,0.7,-16.693640749997382,-3.1032213259965,19.1289150728878,218,-0.7070190139404944,-5.45690865188212
NVDA,5m,5,13,2.5,close_only,0.9,-19.14712674999923,-2.7969503791616277,22.116365151026933,218,-0.8205567686635789,-5.601163755655547
NVDA,5m,5,13,3.5,intraday,0.5,-14.31169389435837,-3.8067418446976045,15.678116918118656,218,-0.6062913467216546,-4.266181810007852
NVDA,5m,5,13,3.5,intraday,0.7,-20.273608467883047,-3.5939704341911867,22.10227452891115,218,-0.8766120246462593,-6.645552468372118
NVDA,5m,5,13,3.5,intraday,0.9,-23.432384418352616,-3.276479251945926,25.80404745034628,218,-1.0292779297951826,-6.894418361462817
NVDA,5m,5,13,3.5,close_only,0.5,-12.969240499999875,-3.251703294943672,14.51611237506804,218,-0.5571423041585054,-4.144119422077019
NVDA,5m,5,13,3.5,close_only,0.7,-18.0474634999974,-3.017791601848964,20.144639744896452,218,-0.7860398532314052,-6.363288096186881
NVDA,5m,5,13,3.5,close_only,0.9,-20.425574749999168,-2.70309434264177,23.29777677608367,218,-0.9079922389569766,-6.534536247132072
NVDA,5m,5,13,4.5,intraday,0.5,-13.410747184593138,-3.410897672202233,15.025298797820986,218,-0.5774374514745859,-4.1780230112036465
NVDA,5m,5,13,4.5,intraday,0.7,-18.763696526887212,-3.1795065296062406,20.93974620862584,218,-0.8208684615260602,-6.44745938658291
NVDA,5m,5,13,4.5,intraday,0.9,-21.681468149594398,-2.8735739226826786,24.661320482570805,218,-0.9703329155779317,-6.664584653801753
NVDA,5m,5,13,4.5,close_only,0.5,-13.149150499999962,-3.2096494124353665,14.736799886144,218,-0.5647101277971651,-4.141000482174806
NVDA,5m,5,13,4.5,close_only,0.7,-18.317328499997416,-2.982535240260232,20.461234287241464,218,-0.7975879267097149,-6.355937363015951
NVDA,5m,5,13,4.5,close_only,0.9,-20.7249249999992,-2.6559139170778123,23.68540729718934,218,-0.9198444778924819,-6.528960719877697
NVDA,5m,5,13,,intraday,0.5,-13.08118449999996,-3.1960011058422024,14.670076317033276,218,-0.5616153922115469,-4.137975147012096
NVDA,5m,5,13,,intraday,0.7,-18.215379499997415,-2.9690792323445496,20.361961118566395,218,-0.7926967823780542,-6.348812894478129
NVDA,5m,5,13,,intraday,0.9,-20.591491749999218,-2.6423232886092745,23.55695703553067,218,-0.9133079288274537,-6.51912525682331
NVDA,5m,5,13,,close_only,0.5,-13.08118449999996,-3.1960011058422024,14.670076317033276,218,-0.5616153922115469,-4.137975147012096
NVDA,5m,5,13,,close_only,0.7,-18.215379499997415,-2.9690792323445496,20.361961118566395,218,-0.7926967823780542,-6.348812894478129
NVDA,5m,5,13,,close_only,0.9,-20.591491749999218,-2.6423232886092745,23.55695703553067,218,-0.9133079288274537,-6.51912525682331
NVDA,5m,8,21,2.5,intraday,0.5,-4.488761355668862,-1.6361876885096218,5.814338679364541,126,-0.16101901253023335,-3.045066839683397
NVDA,5m,8,21,2.5,intraday,0.7,-6.79753911633295,-1.6398546790776234,8.68291133767847,126,-0.24064596638409608,-4.594790204778942
NVDA,5m,8,21,2.5,intraday,0.9,-6.607858530554153,-1.102928546230014,9.979745930020623,126,-0.21089011746591968,-5.040096862829291
NVDA,5m,8,21,2.5,close_only,0.5,-4.155133500000034,-1.3430022426457195,7.822754923528404,126,-0.15816190455861487,-3.14452026285037
NVDA,5m,8,21,2.5,close_only,0.7,-6.304110499998501,-1.3466505995174989,11.577082484619435,126,-0.23462744114329492,-4.717787813291229
NVDA,5m,8,21,2.5,close_only,0.9,-5.605412499999704,-0.8360338806012932,13.424089318481744,126,-0.1954658972671806,-5.035702034498213
NVDA,5m,8,21,3.5,intraday,0.5,-6.70022330444956,-1.8508821366419068,9.288295803359535,126,-0.26184106809240015,-4.384919543556465
NVDA,5m,8,21,3.5,intraday,0.7,-9.606502956672875,-1.7876136121583566,13.310021921921974,126,-0.37092454557291354,-6.609303006724709
NVDA,5m,8,21,3.5,intraday,0.9,-10.473990233471989,-1.438273953844241,15.621917813279795,126,-0.3971193210015901,-7.299988348385956
NVDA,5m,8,21,3.5,close_only,0.5,-5.315553000000023,-1.3430143784352095,9.48235552001635,126,-0.21361140883864624,-4.306139303787049
NVDA,5m,8,21,3.5,close_only,0.7,-7.475524499998551,-1.2616340969950397,13.493058253969298,126,-0.29308192863387816,-6.442797076254703
NVDA,5m,8,21,3.5,close_only,0.9,-6.804812499999843,-0.8218667093201624,15.683364637321015,126,-0.2623602302441107,-6.744585857698871
NVDA,5m,8,21,4.5,intraday,0.5,-5.3997510997726526,-1.2954062269634663,9.533383131752835,126,-0.21507370382478627,-5.072754744725327
NVDA,5m,8,21,4.5,intraday,0.7,-7.655794649657594,-1.2240670742280189,13.61189641230132,126,-0.29614101879140753,-7.579352972146736
NVDA,5m,8,21,4.5,intraday,0.9,-7.115284815153165,-0.8201417069350336,16.004975971346656,126,-0.26878313462038245,-8.185495573572343
NVDA,5m,8,21,4.5,close_only,0.5,-4.791814999999952,-1.1480686400805418,9.050915219135597,126,-0.1902321834793353,-4.545010489372981
NVDA,5m,8,21,4.5,close_only,0.7,-6.689917499998568,-1.0666682119727007,12.8331810163311,126,-0.2562168591288638,-6.764832774454854
NVDA,5m,8,21,4.5,close_only,0.9,-5.6578862499998195,-0.6345885609098759,14.859034038479443,126,-0.20908935956695146,-6.967728942773022
NVDA,5m,8,21,,intraday,0.5,-5.3795209999999765,-1.3054391738658513,9.086494964939945,126,-0.21500202266249957,-4.563287012219708
NVDA,5m,8,21,,intraday,0.7,-7.571476499998539,-1.2266962867040887,12.90802201390834,126,-0.2941307503698045,-6.805401533077394
NVDA,5m,8,21,,intraday,0.9,-6.974727499999755,-0.8105921564675848,14.99180910803547,126,-0.26506965418315603,-7.0323181661913425
NVDA,5m,8,21,,close_only,0.5,-5.3795209999999765,-1.3054391738658513,9.086494964939945,126,-0.21500202266249957,-4.563287012219708
NVDA,5m,8,21,,close_only,0.7,-7.571476499998539,-1.2266962867040887,12.90802201390834,126,-0.2941307503698045,-6.805401533077394
NVDA,5m,8,21,,close_only,0.9,-6.974727499999755,-0.8105921564675848,14.99180910803547,126,-0.26506965418315603,-7.0323181661913425
NVDA,5m,8,30,2.5,intraday,0.5,-4.383162785514969,-1.4613268321829052,5.192671624645785,106,-0.16148887781824683,-3.548789433684063
NVDA,5m,8,30,2.5,intraday,0.7,-6.524816833200895,-1.4330966836342116,7.674065501293778,106,-0.2334268957004042,-5.325739100413829
NVDA,5m,8,30,2.5,intraday,0.9,-6.443198526122399,-0.9832974190468491,10.60913277406798,106,-0.21398428261183217,-6.069451122682401
NVDA,5m,8,30,2.5,close_only,0.5,-4.08100350000002,-1.2383068683475555,6.891776988749515,106,-0.1609341388818781,-3.8830241608467375
NVDA,5m,8,30,2.5,close_only,0.7,-6.05791549999875,-1.207042876217101,9.999476822446177,106,-0.2299351830841374,-5.798428262939526
NVDA,5m,8,30,2.5,close_only,0.9,-5.508722249999585,-0.7725461770972295,11.685422172852629,106,-0.20491880018764974,-6.520303323571808
NVDA,5m,8,30,3.5,intraday,0.5,-7.733411802495584,-2.0380944961975183,9.407216676883042,106,-0.3113704971007567,-5.160235924955736
NVDA,5m,8,30,3.5,intraday,0.7,-11.046516242565952,-1.9555393220147745,13.416763797812708,106,-0.4389022249951964,-7.761018368445905
NVDA,5m,8,30,3.5,intraday,0.9,-12.21784299590023,-1.605153841571898,16.292182064243498,106,-0.4853881161605308,-8.903179315866161
NVDA,5m,8,30,3.5,close_only,0.5,-4.8036419999999,-1.157595429498951,9.230817961305826,106,-0.19811306254441655,-4.432354005152817
NVDA,5m,8,30,3.5,close_only,0.7,-6.618634999998744,-1.0515127400433295,13.062189234784624,106,-0.2623650205305701,-6.6494727684171195
NVDA,5m,8,30,3.5,close_only,0.9,-6.138407249999727,-0.6876058227578603,15.783583089757839,106,-0.24619765626651585,-7.414548185264214
NVDA,5m,8,30,4.5,intraday,0.5,-5.438144189727404,-1.2551248228193632,9.923303665439754,106,-0.22055646675785753,-5.294693612856294
NVDA,5m,8,30,4.5,intraday,0.7,-7.645520477363458,-1.1627091085598271,14.12679985922052,106,-0.2981715680343439,-7.9532559602003445
NVDA,5m,8,30,4.5,intraday,0.9,-7.54584401846231,-0.8249743887800409,17.075086384635178,106,-0.2934224819507141,-9.06189191190917
NVDA,5m,8,30,4.5,close_only,0.5,-4.80863949999989,-1.1098308118193385,9.44205227546717,106,-0.19498344796011216,-4.698376818408478
NVDA,5m,8,30,4.5,close_only,0.7,-6.62613124999865,-1.0062794682387088,13.346487001177831,106,-0.2566152135746939,-7.029704609799192
NVDA,5m,8,30,4.5,close_only,0.9,-6.076438249999603,-0.6494891741242788,15.954902118003492,106,-0.23419628641100015,-7.713407677373074
NVDA,5m,8,30,,intraday,0.5,-4.885600999999883,-1.1304608816756494,9.442235324128708,106,-0.21041792291764014,-4.6984713733367105
NVDA,5m,8,30,,intraday,0.7,-6.741573499998697,-1.0278398298051814,13.346869542863086,106,-0.27979680375018473,-7.029916283532023
NVDA,5m,8,30,,intraday,0.9,-6.017467749999616,-0.6435045780493975,15.923941248186999,106,-0.2618770596827024,-7.69742895607205
NVDA,5m,8,30,,close_only,0.5,-4.885600999999883,-1.1304608816756494,9.442235324128708,106,-0.21041792291764014,-4.6984713733367105
NVDA,5m,8,30,,close_only,0.7,-6.741573499998697,-1.0278398298051814,13.346869542863086,106,-0.27979680375018473,-7.029916283532023
NVDA,5m,8,30,,close_only,0.9,-6.017467749999616,-0.6435045780493975,15.923941248186999,106,-0.2618770596827024,-7.69742895607205
NVDA,15m,5,13,2.5,intraday,0.5,-1.7781955823689033,-0.5436664272900642,6.792429016731913,65,-0.06749674197117006,-2.3138225042205307
NVDA,15m,5,13,2.5,intraday,0.7,-2.6672933735525133,-0.5205814581155628,10.15117144648051,65,-0.09823734818087444,-3.4933339534974905
NVDA,15m,5,13,2.5,intraday,0.9,-3.4476917657346235,-0.4948753846702859,13.853929112479468,65,-0.12426455505943636,-3.8920593550749727
NVDA,15m,5,13,2.5,close_only,0.5,-1.5528859999999893,-0.42254243432625577,6.436679281772356,65,-0.0576096745383845,-2.0062002784276167
NVDA,15m,5,13,2.5,close_only,0.7,-2.3293289999991997,-0.40001299506845084,9.61950942355489,65,-0.08273564770974763,-3.0188619054321575
NVDA,15m,5,13,2.5,close_only,0.9,-2.051736999999753,-0.22971598067993435,13.138828642852818,65,-0.0631254566192654,-3.0481490407348377
NVDA,15m,5,13,3.5,intraday,0.5,-3.191385401449008,-0.9817366885146118,7.160294748116171,65,-0.12562164726606495,-1.958689927342394
NVDA,15m,5,13,3.5,intraday,0.7,-4.787078102172745,-0.9531548538183405,10.69574840197232,65,-0.18660977326883896,-2.975069243051165
NVDA,15m,5,13,3.5,intraday,0.9,-5.885141530370584,-0.8722261354344606,14.351005650067139,65,-0.2267067371874196,-3.0499713362083014
NVDA,15m,5,13,3.5,close_only,0.5,-2.786269000000016,-0.7693201030434906,7.202512739336433,65,-0.107675934236382,-2.0275937662902366
NVDA,15m,5,13,3.5,close_only,0.7,-4.1794034999992276,-0.7411139946275462,10.758811869051971,65,-0.1582971140762379,-3.0675657777907595
NVDA,15m,5,13,3.5,close_only,0.9,-4.897092499999815,-0.6350300537380538,14.300420618293504,65,-0.17984875131937358,-3.3359583617824984
NVDA,15m,5,13,4.5,intraday,0.5,-3.078570139809653,-0.8489633863430014,6.713595996129884,65,-0.12011462775770587,-2.028557850233903
NVDA,15m,5,13,4.5,intraday,0.7,-4.6178552097136505,-0.8211477581263535,10.028488515222845,65,-0.17758481197093268,-3.069773003020426
NVDA,15m,5,13,4.5,intraday,0.9,-5.349807561357489,-0.6948328109572838,13.71919946335407,65,-0.2005707644091874,-3.125223523760423
NVDA,15m,5,13,4.5,close_only,0.5,-2.6143550000000007,-0.7213528623328416,6.874443118243496,65,-0.10089437375732578,-2.021511020807054
NVDA,15m,5,13,4.5,close_only,0.7,-3.921532499999205,-0.6947561158927856,10.268755209517982,65,-0.14824892842226947,-3.0536644022864157
NVDA,15m,5,13,4.5,close_only,0.9,-4.100105749999784,-0.5179486014883734,13.811340528403793,65,-0.14718992840133666,-3.092927175818083
NVDA,15m,5,13,,intraday,0.5,-2.701311499999997,-0.748453350019142,6.874443118243496,65,-0.10452099299673412,-2.023295064396402
NVDA,15m,5,13,,intraday,0.7,-4.051967249999199,-0.7215531467178229,10.268755209517982,65,-0.15380342018877477,-3.057737188250498
NVDA,15m,5,13,,intraday,0.9,-4.317496999999776,-0.5518588883743585,13.811340528403793,65,-0.1565771655194559,-3.099846604604739
NVDA,15m,5,13,,close_only,0.5,-2.701311499999997,-0.748453350019142,6.874443118243496,65,-0.10452099299673412,-2.023295064396402
NVDA,15m,5,13,,close_only,0.7,-4.051967249999199,-0.7215531467178229,10.268755209517982,65,-0.15380342018877477,-3.057737188250498
NVDA,15m,5,13,,close_only,0.9,-4.317496999999776,-0.5518588883743585,13.811340528403793,65,-0.1565771655194559,-3.099846604604739
NVDA,15m,8,21,2.5,intraday,0.5,-4.393624906208856,-1.774831466227343,5.099468487450389,44,-0.17685613395057806,-2.261573912540449
NVDA,15m,8,21,2.5,intraday,0.7,-6.590437359312694,-1.7601066573530433,7.621070279058759,44,-0.26609868834491346,-3.430612717846837
NVDA,15m,8,21,2.5,intraday,0.9,-7.257257383275782,-1.4454816139270772,9.7690284930727,44,-0.2905894310079531,-3.7941456412790564
NVDA,15m,8,21,2.5,close_only,0.5,-3.6714199999999435,-1.0475492442429615,4.829393324681144,44,-0.14594422773219806,-2.254080711293116
NVDA,15m,8,21,2.5,close_only,0.7,-5.507129999999449,-1.0297733780032086,7.217447469905901,44,-0.21812991621697012,-3.4061796332477634
NVDA,15m,8,21,2.5,close_only,0.9,-5.674332249999838,-0.7804154720113613,9.789931954605114,44,-0.2197234717915957,-3.576658608947314
NVDA,15m,8,21,3.5,intraday,0.5,-6.65203647021724,-2.4945005641405245,7.55051286196027,44,-0.27171311988725044,-2.2568552815624754
NVDA,15m,8,21,3.5,intraday,0.7,-9.978054705325405,-2.4804284043385785,11.278639877028777,44,-0.41199249140940397,-3.4669004261420056
NVDA,15m,8,21,3.5,intraday,0.9,-11.841621413526617,-2.2435403167510866,13.478978303471173,44,-0.49064466715957655,-3.7271782660243558
NVDA,15m,8,21,3.5,close_only,0.5,-6.149180500000035,-1.6170772879536306,7.1994892207048995,44,-0.25045084860034317,-2.3386316721168643
NVDA,15m,8,21,3.5,close_only,0.7,-9.223770749999483,-1.5904180408937563,10.75429546355357,44,-0.3791139010198408,-3.5806383887015514
NVDA,15m,8,21,3.5,close_only,0.9,-11.045075999999938,-1.4312428542974536,14.279639394956654,44,-0.45525687990862146,-3.8384890832782403
NVDA,15m,8,21,4.5,intraday,0.5,-6.535988223391611,-1.5978192220646417,7.435434463653616,44,-0.26686391631641726,-2.348083010644053
NVDA,15m,8,21,4.5,intraday,0.7,-9.803982335086813,-1.572281430897294,11.106740585436786,44,-0.40452330751718935,-3.6028420056684163
NVDA,15m,8,21,4.5,intraday,0.9,-11.650170978521464,-1.3922225600275813,13.290701359203508,44,-0.48213842736570856,-3.863762576102414
NVDA,15m,8,21,4.5,close_only,0.5,-6.522993500000053,-1.5777103911935333,7.42254834089654,44,-0.2664043930884046,-2.347764255002116
NVDA,15m,8,21,4.5,close_only,0.7,-9.784490249999488,-1.5514944629899754,11.087491834968407,44,-0.40386982272942135,-3.6020916106893397
NVDA,15m,8,21,4.5,close_only,0.9,-11.850690999999939,-1.4054095623295098,14.130251395419538,44,-0.4916139053466972,-3.8722114380380535
NVDA,15m,8,21,,intraday,0.5,-7.334587500000043,-1.6120652006809255,8.275874744894992,44,-0.30055442153165846,-2.3678398556915337
NVDA,15m,8,21,,intraday,0.7,-11.001881249999485,-1.583107017928318,12.362155077613645,44,-0.4564100457979232,-3.6495658145200394
NVDA,15m,8,21,,intraday,0.9,-14.125322499999902,-1.6124225618130485,16.414568230072078,44,-0.5927518165563295,-3.777294072215309
NVDA,15m,8,21,,close_only,0.5,-7.334587500000043,-1.6120652006809255,8.275874744894992,44,-0.30055442153165846,-2.3678398556915337
NVDA,15m,8,21,,close_only,0.7,-11.001881249999485,-1.583107017928318,12.362155077613645,44,-0.4564100457979232,-3.6495658145200394
NVDA,15m,8,21,,close_only,0.9,-14.125322499999902,-1.6124225618130485,16.414568230072078,44,-0.5927518165563295,-3.777294072215309
NVDA,15m,8,30,2.5,intraday,0.5,-4.096473183994749,-1.5975671826669342,6.622606612503637,39,-0.16361655135343245,-2.0481719331481796
NVDA,15m,8,30,2.5,intraday,0.7,-6.144709775991737,-1.5606640444509123,9.933909918755068,39,-0.24493909253440502,-3.1463976082387712
NVDA,15m,8,30,2.5,intraday,0.9,-6.908043256211181,-1.2819730041292787,11.960310113228944,39,-0.27072521853898707,-3.7905883226419745
NVDA,15m,8,30,2.5,close_only,0.5,-4.368804499999988,-1.319172415269323,6.618700999999988,39,-0.1753381506603695,-1.7089191822693195
NVDA,15m,8,30,2.5,close_only,0.7,-6.553206749999549,-1.2819254591445277,9.92805149999955,39,-0.2631987844477423,-2.6300634315696514
NVDA,15m,8,30,2.5,close_only,0.9,-7.550832999999886,-1.1070709518172572,12.50382499999996,39,-0.299826900665253,-3.1796566830402773
NVDA,15m,8,30,3.5,intraday,0.5,-5.805757580859381,-2.133979241608074,7.9766856892022355,39,-0.2352845850275402,-2.0328847513665926
NVDA,15m,8,30,3.5,intraday,0.7,-8.708636371288629,-2.0931574505104678,11.965028533802922,39,-0.3550528569231908,-3.14797322459357
NVDA,15m,8,30,3.5,intraday,0.9,-11.036730594887922,-2.1283749104749825,14.293122757402216,39,-0.45407795145191043,-3.2304808889824566
NVDA,15m,8,30,3.5,close_only,0.5,-4.691642999999999,-1.33944882909164,6.910583000000008,39,-0.1889982421663916,-1.7176013004040147
NVDA,15m,8,30,3.5,close_only,0.7,-7.037464499999521,-1.3016283579765264,10.365874499999757,39,-0.28430033996150117,-2.6454048282834597
NVDA,15m,8,30,3.5,close_only,0.9,-8.964912999999864,-1.3785514926532536,13.821165999999971,39,-0.3624036888532837,-3.196284119687065
NVDA,15m,8,30,4.5,intraday,0.5,-5.526064835445731,-1.4164684460901578,7.451852380235187,39,-0.22432001330735837,-1.7302579418965847
NVDA,15m,8,30,4.5,intraday,0.7,-8.289097253168096,-1.3769734329449541,11.177778570352292,39,-0.33885717808397237,-2.6755480848023483
NVDA,15m,8,30,4.5,intraday,0.9,-11.20905694328601,-1.5757001685446037,14.097738260470202,39,-0.4646038745297858,-3.175366264111379
NVDA,15m,8,30,4.5,close_only,0.5,-4.991493000000014,-1.2924554379352031,6.7826190000000235,39,-0.20186351600850028,-1.7180710672933919
NVDA,15m,8,30,4.5,close_only,0.7,-7.487239499999555,-1.2563063786233921,10.173928499999567,39,-0.304326710697727,-2.646519343835718
NVDA,15m,8,30,4.5,close_only,0.9,-9.89850499999992,-1.3302038523659185,13.480756999999926,39,-0.40500414642125276,-3.17431218255676
NVDA,15m,8,30,,intraday,0.5,-3.051463499999977,-0.6305896753255084,7.028523999999982,39,-0.11918890750804147,-1.6777093546957111
NVDA,15m,8,30,,intraday,0.7,-4.577195249999557,-0.602050610386541,10.542785999999763,39,-0.17622252012779024,-2.551948195637077
NVDA,15m,8,30,,intraday,0.9,-5.4226829999999495,-0.5054605064485945,14.057047999999975,39,-0.20288743493156638,-3.2121054749868483
NVDA,15m,8,30,,close_only,0.5,-3.051463499999977,-0.6305896753255084,7.028523999999982,39,-0.11918890750804147,-1.6777093546957111
NVDA,15m,8,30,,close_only,0.7,-4.577195249999557,-0.602050610386541,10.542785999999763,39,-0.17622252012779024,-2.551948195637077
NVDA,15m,8,30,,close_only,0.9,-5.4226829999999495,-0.5054605064485945,14.057047999999975,39,-0.20288743493156638,-3.2121054749868483
NVDA,30m,5,13,2.5,intraday,0.5,-3.3672726643081887,-0.9661988570027529,4.914966030207402,38,-0.13073271338918738,-3.751583900182809
NVDA,30m,5,13,2.5,intraday,0.7,-5.050908996461806,-0.9508923613661886,7.313878612089127,38,-0.19302056660650588,-5.616207937121132
NVDA,30m,5,13,2.5,intraday,0.9,-5.451981516330977,-0.7530447572695381,8.770332230430872,38,-0.20116711618613928,-6.555147710631037
NVDA,30m,5,13,2.5,close_only,0.5,-4.986541999999986,-1.214759972919685,5.17141850743119,38,-0.19870988295885497,-3.230998941940122
NVDA,30m,5,13,2.5,close_only,0.7,-7.4798129999995115,-1.1942585031170643,7.754816459583832,38,-0.2973201831017222,-4.891689758316097
NVDA,30m,5,13,2.5,close_only,0.9,-8.798325999999951,-1.0326992634810104,10.48151709825347,38,-0.3456201451261127,-5.699559051942149
NVDA,30m,5,13,3.5,intraday,0.5,-4.037647399175898,-1.0195420446458496,4.4741657949906966,38,-0.15905356231897816,-3.2000725727191703
NVDA,30m,5,13,3.5,intraday,0.7,-6.056471098763428,-0.9999077862585646,6.709624910870617,38,-0.23655622418248878,-4.821148739350678
NVDA,30m,5,13,3.5,intraday,0.9,-6.95655733922356,-0.8413443495327483,9.08887674242887,38,-0.2663092169651109,-5.593048032488235
NVDA,30m,5,13,3.5,close_only,0.5,-5.21242900000002,-1.2703148160842972,5.258307664513477,38,-0.2083881496999553,-3.23844934003108
NVDA,30m,5,13,3.5,close_only,0.7,-7.81864349999953,-1.2494872405245716,7.885553131343757,38,-0.3123470492239453,-4.90878749767627
NVDA,30m,5,13,3.5,close_only,0.9,-9.223613249999948,-1.0840388893078863,10.491404574669403,38,-0.3649313833755405,-5.724732835867297
NVDA,30m,5,13,4.5,intraday,0.5,-5.297957682033484,-1.2854206746049803,5.436005170427977,38,-0.21202297368199166,-3.241279295880839
NVDA,30m,5,13,4.5,intraday,0.7,-7.946936523049737,-1.2632226112989626,8.152034899547312,38,-0.3179568655898128,-4.915292533598292
NVDA,30m,5,13,4.5,intraday,0.9,-9.438335515363633,-1.0992199505446612,11.01162485319321,38,-0.37448649015446334,-5.737527436526713
NVDA,30m,5,13,4.5,close_only,0.5,-4.005033000000003,-0.9451367067835612,5.369578281717063,38,-0.15744556801189666,-3.199020125076346
NVDA,30m,5,13,4.5,close_only,0.7,-6.007549499999539,-0.9239253532631752,8.052418674385192,38,-0.2338750759532875,-4.818760325636329
NVDA,30m,5,13,4.5,close_only,0.9,-6.324563499999942,-0.6873166754333834,10.878835347965465,38,-0.23634631988437427,-5.557410834229404
NVDA,30m,5,13,,intraday,0.5,-4.9525590000000195,-1.1154365592426012,6.316645664337045,38,-0.19701511755430937,-3.2298810511517506
NVDA,30m,5,13,,intraday,0.7,-7.428838499999552,-1.0916098821726394,9.47267603494493,38,-0.29445383028386374,-4.889127833791163
NVDA,30m,5,13,,intraday,0.9,-9.072619249999981,-0.9784466688762313,12.627179576580069,38,-0.3563902304298039,-5.715769714176355
NVDA,30m,5,13,,close_only,0.5,-4.9525590000000195,-1.1154365592426012,6.316645664337045,38,-0.19701511755430937,-3.2298810511517506
NVDA,30m,5,13,,close_only,0.7,-7.428838499999552,-1.0916098821726394,9.47267603494493,38,-0.29445383028386374,-4.889127833791163
NVDA,30m,5,13,,close_only,0.9,-9.072619249999981,-0.9784466688762313,12.627179576580069,38,-0.3563902304298039,-5.715769714176355
NVDA,30m,8,21,2.5,intraday,0.5,-1.1574730107590767,-0.5057944017449325,2.251113695275831,22,-0.04503217395667569,-0.8959348275216494
NVDA,30m,8,21,2.5,intraday,0.7,-1.7362095161383306,-0.49342897368530325,3.3766705429135078,22,-0.06655442410873924,-1.3439022412824575
NVDA,30m,8,21,2.5,intraday,0.9,-2.1445805144964085,-0.4290427338377537,4.564791989322771,22,-0.08038503657407238,-1.79186965504331
NVDA,30m,8,21,2.5,close_only,0.5,-2.2804939999999987,-0.7024371438847958,3.490620479626388,22,-0.09038372626797564,-1.6620984999999977
NVDA,30m,8,21,2.5,close_only,0.7,-3.4207409999997593,-0.6858534652804957,5.228720489643896,22,-0.13490840679701677,-2.493147749999969
NVDA,30m,8,21,2.5,close_only,0.9,-4.430334500000015,-0.6419475943069197,7.1530217781822785,22,-0.17347172800925126,-3.3241969999999954
NVDA,30m,8,21,3.5,intraday,0.5,-3.7614699373162237,-1.515566041287709,4.026889333251761,22,-0.1512221964133027,-1.5275805891308392
NVDA,30m,8,21,3.5,intraday,0.7,-5.642204905974131,-1.5020571462379746,6.0320160525028985,22,-0.2273822444542004,-2.308936198442224
NVDA,30m,8,21,3.5,intraday,0.9,-7.4083269155043014,-1.4519368143020182,7.917645468301668,22,-0.2989320175439012,-3.098702608900483
NVDA,30m,8,21,3.5,close_only,0.5,-2.1835425000000552,-0.5938229751266834,3.695562200999459,22,-0.08611176309173141,-1.7240675000000039
NVDA,30m,8,21,3.5,close_only,0.7,-3.2753137499997473,-0.5750567285372962,5.5357097438411795,22,-0.12818684785504345,-2.5861012499999725
NVDA,30m,8,21,3.5,close_only,0.9,-4.169964750000031,-0.5236050461410837,7.370796241492784,22,-0.1612843013527079,-3.4481349999999855
NVDA,30m,8,21,4.5,intraday,0.5,-4.256801562281112,-1.255747902122157,4.9724356394773634,22,-0.17208483417570306,-1.5622284567905376
NVDA,30m,8,21,4.5,intraday,0.7,-6.385202343421395,-1.2337322906955173,7.448382390271645,22,-0.2594987566309275,-2.3433426851857786
NVDA,30m,8,21,4.5,intraday,0.9,-8.360147775858945,-1.1740553008540346,9.764908189480662,22,-0.3411173652309421,-3.1244569135810862
NVDA,30m,8,21,4.5,close_only,0.5,-0.4933880000000045,-0.08223272368263064,4.3562919881619715,22,-0.015825042606173678,-1.7240675000000039
NVDA,30m,8,21,4.5,close_only,0.7,-0.7400819999997565,-0.06236275202205873,6.410017692915041,22,-0.020739930333379047,-2.5861012499999725
NVDA,30m,8,21,4.5,close_only,0.9,0.9519729999999527,0.19839169115547264,8.366786300955093,22,0.05835523660498063,-3.4481349999999855
NVDA,30m,8,21,,intraday,0.5,-1.5258715000000165,-0.317438561664619,4.588035013887032,22,-0.05766439245483834,-1.7240675000000039
NVDA,30m,8,21,,intraday,0.7,-2.2888072499997634,-0.2961751167404294,6.872575470273571,22,-0.08385222774716404,-2.5861012499999725
NVDA,30m,8,21,,intraday,0.9,-1.112994000000026,-0.03785880817437108,9.341814304066524,22,-0.024399177811914842,-3.4481349999999855
NVDA,30m,8,21,,close_only,0.5,-1.5258715000000165,-0.317438561664619,4.588035013887032,22,-0.05766439245483834,-1.7240675000000039
NVDA,30m,8,21,,close_only,0.7,-2.2888072499997634,-0.2961751167404294,6.872575470273571,22,-0.08385222774716404,-2.5861012499999725
NVDA,30m,8,21,,close_only,0.9,-1.112994000000026,-0.03785880817437108,9.341814304066524,22,-0.024399177811914842,-3.4481349999999855
NVDA,30m,8,30,2.5,intraday,0.5,-0.00031725845781238604,0.02273687823874058,2.304935109523046,19,0.00163231657043017,-1.0050781269848597
NVDA,30m,8,30,2.5,intraday,0.7,-0.0004758876865025741,0.03414852268656023,3.457402664284518,19,0.003708536570842913,-1.5144628228213497
NVDA,30m,8,30,2.5,intraday,0.9,0.2167544901061092,0.09341887965590122,4.609870219046115,19,0.015360830272078019,-2.0284945421579437
NVDA,30m,8,30,2.5,close_only,0.5,-0.8430170000000089,-0.2394922860173355,3.1720365426192045,19,-0.03181738125555711,-1.6620984999999977
NVDA,30m,8,30,2.5,close_only,0.7,-1.2645254999998314,-0.22363634613959865,4.751502651490657,19,-0.04626847268975398,-2.493147749999969
NVDA,30m,8,30,2.5,close_only,0.9,-1.5083570000000237,-0.17671697904404532,6.326624679701608,19,-0.05248376664755481,-3.3241969999999954
NVDA,30m,8,30,3.5,intraday,0.5,-2.986900501346952,-1.1697938454358099,3.463838119296523,19,-0.118986559818552,-1.3314372441704192
NVDA,30m,8,30,3.5,intraday,0.7,-4.48035075202024,-1.1566171924010384,5.1830167568852765,19,-0.17805693010206092,-1.9971558662556066
NVDA,30m,8,30,3.5,intraday,0.9,-5.855143043565681,-1.1071487607107808,6.885694401869452,19,-0.23174504866645315,-2.6628744883408495
NVDA,30m,8,30,3.5,close_only,0.5,-1.3617575000000783,-0.3516870754352861,3.91182411569864,19,-0.052420225694536526,-1.7240675000000039
NVDA,30m,8,30,3.5,close_only,0.7,-2.0426362499998163,-0.33273312854377257,5.859655905022898,19,-0.07702845718172924,-2.5861012499999725
NVDA,30m,8,30,3.5,close_only,0.9,-2.5223497500000236,-0.28205334727085796,7.802130480059148,19,-0.09222387791959628,-3.4481349999999855
NVDA,30m,8,30,4.5,intraday,0.5,-3.252278613221699,-0.9430646375154365,4.706940931961253,19,-0.13011316371789672,-1.5622284567905376
NVDA,30m,8,30,4.5,intraday,0.7,-4.878417919832316,-0.9217236661651625,7.050688735179701,19,-0.19513804985707672,-2.3433426851857786
NVDA,30m,8,30,4.5,intraday,0.9,-6.347056877740079,-0.8645806966202715,9.231356430168756,19,-0.2533512332593557,-3.1244569135810862
NVDA,30m,8,30,4.5,close_only,0.5,1.1349935000000073,0.324958005716177,4.2120811432407645,19,0.0492343516227538,-1.7240675000000039
NVDA,30m,8,30,4.5,close_only,0.7,1.70249025000021,0.3452539046814387,6.155401617837039,19,0.07673192174597476,-2.5861012499999725
NVDA,30m,8,30,4.5,close_only,0.9,4.212781000000018,0.5911689479963201,7.863704729593839,19,0.18556409822234524,-3.4481349999999855
NVDA,30m,8,30,,intraday,0.5,-1.4916925000000218,-0.29077067099014997,5.633135725163932,19,-0.055773881360625666,-1.7240675000000039
NVDA,30m,8,30,,intraday,0.7,-2.237538749999794,-0.26629362240663323,8.438067775922324,19,-0.08054522080555815,-2.5861012499999725
NVDA,30m,8,30,,intraday,0.9,-1.0405909999999836,-0.017352438083605707,11.379502108298725,19,-0.01915976899668781,-3.4481349999999855
NVDA,30m,8,30,,close_only,0.5,-1.4916925000000218,-0.29077067099014997,5.633135725163932,19,-0.055773881360625666,-1.7240675000000039
NVDA,30m,8,30,,close_only,0.7,-2.237538749999794,-0.26629362240663323,8.438067775922324,19,-0.08054522080555815,-2.5861012499999725
NVDA,30m,8,30,,close_only,0.9,-1.0405909999999836,-0.017352438083605707,11.379502108298725,19,-0.01915976899668781,-3.4481349999999855
